uso_cpu_percent,uso_ram_percent,uso_gpu_percent,uso_disco_percent,temperatura_c,status_crash
37.45,37.24,57.2,64.83,57.27,0
95.07,35.99,80.54,17.24,92.68,1
73.2,92.03,76.02,87.24,64.18,1
59.87,36.21,15.39,61.31,70.81,0
15.6,38.12,14.92,15.72,35.31,0
15.6,79.55,26.82,96.23,43.64,1
5.81,53.23,36.11,51.84,33.14,0
86.62,81.02,40.85,7.29,82.11,1
60.11,20.56,67.97,62.68,65.14,1
70.81,56.44,5.67,25.32,78.55,0
2.06,17.86,3.47,80.37,25.04,0
96.99,20.33,39.19,81.78,91.23,1
83.24,92.05,69.72,97.89,85.45,1
21.23,26.84,19.34,50.19,46.32,0
18.18,60.26,64.15,45.5,52.53,0
18.34,49.94,25.98,75.35,38.36,0
30.42,44.52,88.61,13.25,53.04,0
52.48,91.49,89.57,54.69,60.95,1
43.19,16.85,29.73,54.62,62.08,0
29.12,71.42,23.0,8.95,47.44,0
61.19,96.89,41.13,41.8,64.77,1
13.95,62.61,24.05,85.33,44.9,0
29.21,94.63,67.24,85.62,45.07,1
36.64,19.44,82.61,9.92,44.92,0
45.61,50.6,67.31,9.07,54.78,0
78.52,37.11,82.44,26.27,80.21,1
19.97,77.12,39.7,87.48,48.94,0
51.42,98.41,15.63,12.89,61.41,0
59.24,36.81,73.8,72.0,72.14,1
4.65,70.6,36.05,10.12,26.0,0
60.75,31.84,67.13,62.31,64.24,0
17.05,63.05,27.06,35.61,38.79,0
6.51,54.43,8.12,78.89,33.33,0
94.89,97.62,99.26,23.37,87.35,1
96.56,66.72,15.62,63.92,91.39,1
80.84,44.71,98.84,23.57,76.28,1
30.46,24.7,97.73,71.37,48.97,0
9.77,27.86,79.38,87.37,35.63,0
68.42,34.15,65.94,12.68,66.42,0
44.02,36.33,57.78,86.66,55.84,1
12.2,87.3,86.61,59.36,36.6,1
49.52,62.7,28.94,12.71,58.89,0
3.44,59.49,46.77,42.75,32.22,0
90.93,24.76,61.94,16.09,84.94,1
25.88,88.11,41.12,70.03,43.37,0
66.25,76.44,42.75,75.89,76.11,1
31.17,20.75,33.03,10.58,42.86,0
52.01,75.17,56.42,50.61,57.6,1
54.67,61.2,85.06,81.46,76.7,1
18.49,21.95,20.15,93.62,35.9,0
96.96,53.96,93.44,51.35,81.41,1
77.51,56.2,68.91,95.03,80.18,1
93.95,29.09,82.33,53.57,75.98,1
89.48,95.38,55.62,39.42,82.51,1
59.79,87.25,77.95,84.82,76.6,1
92.19,71.87,1.62,49.3,77.59,1
8.85,54.3,81.84,47.19,25.4,0
19.6,50.0,4.01,49.03,34.26,0
4.52,70.33,88.99,84.68,37.21,0
32.53,61.36,99.2,83.19,55.14,1
38.87,20.29,29.41,40.35,50.76,0
27.13,58.56,21.03,33.33,49.7,0
82.87,83.54,76.54,49.19,86.68,1
35.68,54.04,25.3,57.28,60.34,0
28.09,19.42,86.56,23.83,45.62,0
54.27,81.83,10.28,79.4,51.05,1
14.09,32.12,12.6,48.65,34.35,0
80.22,36.98,97.92,33.4,76.0,1
7.46,29.0,67.38,10.68,33.18,0
98.69,43.07,84.69,23.88,88.27,1
77.22,79.32,32.43,94.93,81.93,1
19.87,59.15,67.65,30.51,48.3,0
0.55,32.41,59.42,16.89,29.47,0
81.55,89.62,60.32,46.07,84.42,1
70.69,89.76,68.25,30.71,74.2,1
72.9,89.0,57.54,3.52,74.06,1
77.13,35.3,42.91,32.31,80.81,1
7.4,53.36,27.59,54.41,34.8,0
35.85,98.72,76.86,55.17,61.8,1
11.59,80.62,22.63,35.66,29.76,0
86.31,17.31,69.24,44.73,79.21,1
62.33,20.54,23.33,96.55,66.77,1
33.09,54.43,62.53,37.73,52.05,0
6.36,92.28,74.71,25.82,40.15,0
31.1,60.79,21.87,24.35,48.54,0
32.52,57.31,5.99,45.78,42.4,0
72.96,23.97,13.1,75.95,77.99,0
63.76,70.83,60.6,20.6,72.03,1
88.72,84.88,84.94,70.93,73.52,1
47.22,47.34,4.5,2.11,58.31,0
11.96,80.93,73.42,41.89,29.22,0
71.32,96.98,34.13,77.59,69.47,1
76.08,32.32,47.85,33.87,71.13,0
56.13,59.48,92.89,56.37,67.72,1
77.1,39.41,33.2,20.5,76.84,0
49.38,82.39,46.53,74.2,53.2,1
52.27,64.1,1.37,5.23,65.76,0
42.75,68.94,8.16,85.25,48.48,1
2.54,82.82,25.86,19.82,33.18,0
10.79,48.66,2.79,87.44,32.4,0
3.14,92.78,63.14,35.25,30.06,0
63.64,60.31,42.64,72.27,70.71,1
31.44,28.43,54.81,31.92,51.47,0
50.86,74.15,17.46,90.59,67.2,1
90.76,82.43,29.59,12.66,84.04,1
24.93,41.92,66.38,17.85,46.49,0
41.04,87.86,96.53,49.3,52.43,1
75.56,92.02,5.04,8.19,76.24,0
22.88,38.54,89.04,19.6,45.93,0
7.7,98.6,57.69,94.38,34.13,1
28.98,26.96,56.39,97.65,38.37,0
16.12,32.17,50.03,37.63,41.33,0
92.97,30.66,6.94,92.33,87.6,1
80.81,90.99,8.99,54.48,75.09,1
63.34,70.61,60.09,26.97,61.58,1
87.15,27.93,34.1,70.24,89.67,1
80.37,52.43,91.73,65.89,80.68,1
18.66,67.3,40.66,98.91,40.05,1
89.26,22.09,14.33,26.5,77.87,0
53.93,90.01,71.47,67.21,58.25,1
80.74,83.31,29.34,5.2,84.96,1
89.61,57.94,52.55,11.36,84.45,1
31.8,97.21,69.78,0.39,46.33,1
11.01,50.51,90.03,99.95,39.15,0
22.79,98.65,79.22,80.23,39.6,1
42.71,71.77,67.64,78.67,63.13,1
81.8,68.95,67.96,50.97,85.84,1
86.07,29.11,94.59,30.01,79.31,1
0.7,89.96,29.58,15.13,27.27,0
51.07,51.34,0.11,28.47,47.55,0
41.74,28.79,27.2,37.6,47.64,0
22.21,16.07,21.79,75.63,36.63,0
11.99,62.58,66.18,53.97,37.87,0
33.76,59.83,63.37,7.75,48.63,0
94.29,76.15,59.35,1.8,79.85,1
32.32,90.67,1.62,10.23,47.99,0
51.88,21.75,72.88,41.05,63.65,1
70.3,77.18,32.35,93.32,74.82,1
36.36,30.93,66.51,63.74,42.32,0
97.18,87.95,55.66,80.18,87.67,1
96.24,84.62,34.27,46.64,80.83,1
25.18,60.97,13.46,36.17,49.62,0
49.72,75.37,9.44,10.84,63.76,0
30.09,41.72,83.15,87.59,43.56,0
28.48,55.05,91.84,78.32,43.26,1
3.69,84.84,64.98,16.81,29.91,0
60.96,54.04,10.34,51.23,55.31,0
50.27,45.41,40.2,48.74,61.84,0
5.15,57.01,72.89,62.51,31.72,0
27.86,85.4,77.98,94.62,51.57,1
90.83,43.49,11.82,57.98,79.0,1
23.96,29.77,0.0,54.02,41.28,0
14.49,75.52,71.21,5.03,31.16,0
48.95,85.21,35.66,6.29,54.35,0
98.57,23.55,25.45,18.73,83.23,1
24.21,35.39,1.29,3.25,49.5,0
67.21,27.07,54.03,74.34,66.84,0
76.16,44.58,85.12,72.33,76.32,1
23.76,53.28,95.76,13.61,42.35,0
72.82,78.65,56.57,83.61,67.35,1
36.78,70.35,51.45,15.48,51.23,0
63.23,67.78,8.51,30.12,70.93,0
63.35,44.95,54.89,24.9,61.97,1
53.58,86.52,38.0,37.23,66.19,0
9.03,55.06,60.71,25.47,31.17,0
83.53,98.22,38.87,48.9,77.7,1
32.08,68.9,24.03,40.74,51.9,0
18.65,25.73,9.5,98.66,37.87,0
4.08,72.48,31.49,5.59,32.63,0
59.09,42.63,9.66,14.22,63.88,0
67.76,73.34,17.69,5.28,71.3,1
1.66,20.92,98.73,62.58,19.09,0
51.21,29.86,44.41,5.45,51.58,0
22.65,87.74,53.19,83.64,46.67,0
64.52,34.31,87.36,51.19,73.9,0
17.44,86.15,99.56,52.7,35.91,0
69.09,38.74,58.27,56.16,70.24,0
38.67,69.64,81.25,17.08,54.68,1
93.67,74.0,32.69,19.77,89.67,1
13.75,58.58,30.57,31.88,28.11,0
34.11,40.95,40.27,59.35,46.03,0
11.35,33.07,67.25,21.01,35.15,0
92.47,17.82,68.22,11.63,89.0,1
87.73,40.84,31.52,97.01,95.13,1
25.79,70.52,13.32,2.2,44.34,0
66.0,94.76,63.24,80.27,62.56,1
81.72,89.05,12.83,78.8,81.04,1
55.52,80.12,57.85,29.72,69.92,1
52.97,82.02,69.34,13.56,62.32,1
24.19,71.52,70.06,14.56,39.98,0
9.31,37.12,75.35,69.74,40.38,0
89.72,92.11,87.29,64.28,87.15,1
90.04,72.01,50.0,78.27,78.89,1
63.31,62.64,73.02,93.75,69.89,1
33.9,24.43,61.92,69.19,55.33,0
34.92,53.0,18.66,15.59,56.86,0
72.6,54.13,2.57,24.34,73.23,0
89.71,88.49,28.45,84.22,82.04,1
88.71,61.47,44.3,20.93,89.36,1
77.99,47.33,61.71,7.25,70.74,0
64.2,98.03,85.0,70.33,70.71,1
8.41,24.41,19.62,40.25,28.2,0
16.16,50.92,12.55,92.0,45.02,0
89.86,18.57,96.35,65.03,82.62,1
60.64,77.89,10.8,9.04,72.73,0
0.92,93.04,47.85,94.79,33.01,1
10.15,38.8,58.56,25.86,29.97,0
66.35,87.96,54.14,33.72,76.93,1
0.51,39.84,8.6,40.23,38.06,0
16.08,92.42,5.7,5.12,44.06,0
54.87,79.09,10.55,49.65,59.12,1
69.19,83.42,58.56,12.33,69.98,1
65.2,16.53,54.43,40.1,69.84,0
22.43,96.84,23.37,35.07,39.94,0
71.22,76.77,63.78,77.28,81.19,1
23.72,40.9,82.01,80.32,44.96,1
32.54,85.5,4.16,15.34,36.01,0
74.65,38.93,49.81,36.66,76.49,1
64.96,89.18,68.93,37.34,67.24,1
84.92,24.57,25.23,15.14,80.58,0
65.76,74.81,30.78,79.85,67.61,1
56.83,60.96,61.36,70.72,68.13,1
9.37,23.21,89.79,19.04,41.22,0
36.77,35.56,80.99,36.67,53.48,0
26.52,16.05,58.31,10.58,44.22,0
24.4,54.85,73.02,62.82,44.43,0
97.3,40.61,36.48,12.14,88.48,1
39.31,65.86,64.1,98.59,49.57,1
89.2,40.27,46.62,78.07,86.42,1
63.11,40.49,18.99,39.02,70.17,0
79.48,78.17,70.17,57.86,85.39,1
50.26,19.09,55.65,91.13,66.43,1
57.69,91.75,35.86,55.41,61.19,1
49.25,87.44,91.13,17.45,63.65,1
19.52,71.76,2.09,37.87,36.96,0
72.25,65.42,31.58,84.31,76.83,1
28.08,90.85,5.69,64.42,44.26,0
2.43,30.75,76.65,65.07,26.34,0
64.55,21.71,70.21,86.68,70.13,1
17.71,35.36,33.14,89.4,27.25,0
94.05,82.54,67.57,91.98,77.67,1
95.39,17.95,39.59,9.48,86.35,0
91.49,64.54,75.63,54.41,85.3,1
37.02,99.61,45.42,74.05,50.36,1
1.55,87.73,41.23,75.69,23.03,0
92.83,59.32,93.47,60.67,81.61,1
42.82,20.41,25.09,16.68,57.65,0
96.67,85.67,12.04,79.74,90.91,1
96.36,65.91,58.45,72.01,87.74,1
85.3,24.77,96.93,8.61,86.96,0
29.44,22.98,37.78,46.38,49.65,0
38.51,92.32,6.2,17.4,49.37,0
85.11,71.88,33.93,33.75,79.67,1
31.69,85.49,50.59,1.81,42.0,0
16.95,89.71,16.19,40.03,39.63,0
55.68,63.6,65.81,54.99,68.97,1
93.62,58.98,99.77,61.96,89.6,1
69.6,51.59,45.17,66.35,78.77,1
57.01,41.94,35.47,83.63,62.69,1
9.72,51.94,40.07,21.55,42.56,0
61.5,80.78,11.51,12.05,65.93,0
99.01,66.16,88.33,85.15,96.76,1
14.01,90.86,41.48,15.66,38.3,0
51.83,52.69,38.73,97.48,64.64,1
87.74,66.6,65.97,84.25,90.02,1
74.08,68.66,44.2,50.09,73.48,1
69.7,65.29,64.82,98.14,72.91,1
70.25,74.72,6.14,9.74,78.59,0
35.95,35.18,81.37,30.31,50.9,0
29.36,58.55,94.05,63.82,41.01,0
80.94,23.86,64.88,35.0,89.28,1
81.01,47.68,95.46,92.84,76.26,1
86.71,56.45,15.14,6.56,82.82,1
91.32,70.44,47.74,54.94,90.57,1
51.13,95.8,60.18,59.09,57.64,1
50.15,66.06,58.17,65.27,55.05,1
79.83,78.21,40.15,25.57,79.17,1
65.0,58.03,33.81,36.46,60.03,1
70.2,68.9,12.68,84.37,70.68,1
79.58,21.03,39.17,19.49,78.97,0
89.0,36.62,16.27,82.69,82.05,1
33.8,45.76,73.44,56.27,42.56,0
37.56,55.16,20.88,76.22,60.51,1
9.4,18.88,5.86,71.36,36.16,0
57.83,26.9,55.24,20.75,71.85,0
3.59,38.53,59.52,56.88,30.86,0
46.56,97.58,87.19,86.77,53.54,1
54.26,43.16,57.7,43.21,63.9,1
28.65,55.97,34.55,96.66,46.11,0
59.08,31.67,80.3,45.22,59.56,1
3.05,66.92,54.03,14.28,39.18,0
3.73,38.86,7.93,38.94,29.13,0
82.26,32.59,56.59,95.17,70.15,1
36.02,58.91,90.8,31.97,58.25,0
12.71,15.47,39.63,86.81,35.1,0
52.22,15.65,29.63,88.13,58.3,0
77.0,33.62,14.35,35.02,67.37,1
21.58,18.12,15.14,8.33,51.65,0
62.29,24.18,43.28,72.46,60.93,1
8.53,43.8,59.57,31.15,35.41,0
5.17,83.22,8.06,78.29,37.66,0
53.14,63.62,93.96,44.27,63.99,1
54.06,58.58,75.51,48.53,62.14,1
63.74,39.95,58.66,77.79,59.74,1
72.61,94.2,82.84,38.24,69.52,1
97.59,48.75,8.02,44.31,89.49,1
51.63,22.4,47.68,37.62,57.04,0
32.3,67.45,63.01,36.73,50.39,0
79.52,24.68,82.87,52.59,81.12,1
27.08,44.34,78.35,80.88,51.06,1
43.9,58.13,27.71,36.18,50.21,0
7.85,89.31,94.09,52.43,45.69,1
2.54,56.95,12.43,67.07,35.36,0
96.26,74.69,87.51,26.94,87.75,1
83.6,99.39,97.09,27.75,85.61,1
69.6,26.18,17.72,93.34,83.59,1
40.9,38.35,72.21,72.35,47.34,1
17.33,48.54,4.03,57.72,39.27,0
15.64,50.86,40.54,64.77,27.49,0
25.02,49.94,51.63,2.93,45.98,0
54.92,92.15,58.06,61.81,64.78,1
71.46,75.69,93.59,50.95,72.68,1
66.02,66.67,67.23,54.57,66.34,1
27.99,41.3,48.13,35.94,36.55,0
95.49,85.02,80.97,8.15,89.16,1
73.79,96.18,95.05,19.33,81.55,1
55.44,84.8,2.21,95.07,60.31,1
61.17,15.13,98.25,40.87,68.9,1
41.96,69.09,8.61,46.67,47.34,0
24.77,19.35,81.44,5.27,47.15,0
35.6,36.9,28.03,3.76,49.39,0
75.78,20.06,13.22,71.72,71.66,0
1.44,66.32,43.99,53.81,27.06,0
11.61,73.36,64.4,50.87,35.0,0
4.6,24.73,38.1,24.31,34.67,0
4.07,47.63,5.46,74.48,25.88,0
85.55,53.78,59.95,16.82,79.34,0
70.37,46.37,90.24,18.99,72.01,1
47.42,25.29,38.32,46.07,52.96,0
9.78,50.61,21.63,28.63,44.85,0
49.16,78.85,44.26,24.75,55.23,0
47.35,21.04,4.84,64.52,55.06,0
17.32,21.82,82.05,65.1,35.5,0
43.39,45.16,82.63,82.45,65.02,1
39.85,95.05,58.8,41.77,56.67,0
61.59,71.83,35.31,7.31,62.27,0
63.51,72.69,79.98,27.37,73.64,1
4.53,45.76,55.47,98.0,33.72,0
37.46,65.46,82.59,59.63,53.76,1
62.59,15.86,63.15,70.97,65.83,0
50.31,69.07,78.44,0.74,56.44,0
85.65,92.63,59.86,51.82,83.08,1
65.87,67.07,41.41,3.75,66.8,0
16.29,89.26,95.79,56.92,48.86,1
7.06,76.54,54.11,92.08,27.89,0
64.24,25.25,60.51,96.84,76.23,0
2.65,91.71,22.05,54.06,31.03,0
58.58,20.65,62.57,45.82,66.64,0
94.02,60.39,57.16,94.5,90.58,1
57.55,27.08,18.48,67.36,61.38,0
38.82,16.0,5.96,6.49,57.61,0
64.33,50.87,60.44,46.57,55.06,0
45.83,40.08,76.37,24.02,53.9,0
54.56,56.31,52.34,46.98,58.12,0
94.15,64.06,22.68,45.55,80.22,1
38.61,18.72,66.65,58.21,52.09,0
96.12,25.46,8.01,35.68,89.6,1
90.54,62.48,44.18,16.43,87.83,1
19.58,44.17,16.34,50.37,42.95,0
6.94,76.98,18.45,83.02,30.83,0
10.08,70.44,20.23,66.4,37.89,0
1.82,86.88,38.67,33.84,31.71,0
9.44,73.86,5.12,93.55,40.35,0
68.3,51.54,39.78,91.22,74.87,1
7.12,72.2,51.17,20.93,34.42,0
31.9,38.41,48.33,3.94,44.65,0
84.49,41.04,38.28,74.13,77.43,1
2.33,82.06,83.91,82.76,28.65,0
81.45,52.95,14.53,96.79,77.29,1
28.19,82.86,50.57,88.98,48.25,1
11.82,84.91,6.2,60.05,40.67,0
69.67,87.89,7.12,53.01,71.55,1
62.89,92.91,57.39,2.78,67.82,1
87.75,51.63,56.6,24.67,83.36,1
73.51,42.1,87.8,45.96,71.52,0
80.35,64.49,55.79,62.85,73.58,1
28.2,46.55,95.98,55.73,38.14,0
17.74,66.09,4.87,74.26,37.17,0
75.06,74.97,9.8,27.98,77.4,1
80.68,73.51,4.41,56.5,74.9,0
99.05,46.84,18.53,8.81,88.24,0
41.26,29.18,54.13,41.37,57.09,0
37.2,51.59,64.56,75.02,54.92,1
77.64,27.12,4.56,69.34,71.19,0
34.08,90.66,94.6,99.06,55.43,1
93.08,44.4,84.22,27.79,91.48,1
85.84,28.13,29.66,49.82,75.86,0
42.9,17.16,7.72,32.95,51.62,0
75.09,69.89,16.99,44.06,81.01,1
75.45,69.14,12.69,85.7,74.54,1
10.31,43.95,12.33,68.42,25.09,0
90.26,21.1,51.86,88.24,77.15,1
50.53,49.82,24.58,20.35,59.07,0
82.65,41.45,35.81,87.34,73.77,1
32.0,72.56,98.95,5.98,47.14,1
89.55,66.49,68.43,88.86,83.89,1
38.92,45.99,94.9,32.91,60.66,0
1.08,33.52,14.26,31.46,29.2,0
90.54,98.98,38.21,51.21,89.69,1
9.13,53.59,55.47,94.07,42.62,0
31.93,73.5,7.68,4.78,56.33,0
95.01,26.95,0.42,35.22,88.43,0
95.06,56.28,67.04,85.66,77.22,1
57.34,17.34,64.18,39.61,66.71,0
63.18,57.96,41.08,19.92,73.15,1
44.84,96.94,48.96,42.48,56.5,1
29.32,47.66,41.54,38.56,56.32,0
32.87,18.31,2.4,91.54,54.02,0
67.25,17.63,33.54,76.19,73.19,0
75.24,47.98,17.71,50.51,80.57,1
79.16,28.6,9.84,98.84,79.16,0
78.96,16.98,95.67,46.53,64.91,1
9.12,79.28,59.94,5.82,32.98,0
49.44,53.97,72.87,26.23,65.65,1
5.76,39.59,31.54,43.61,29.42,0
54.95,91.51,39.31,15.69,61.85,1
44.15,24.87,23.69,94.76,51.27,0
88.77,96.25,9.7,76.68,92.18,1
35.09,41.69,17.9,26.83,59.46,0
11.71,90.51,79.75,59.08,32.6,1
14.3,66.25,67.75,72.14,39.32,0
76.15,85.27,54.69,94.13,72.29,1
61.82,98.64,47.51,88.16,70.17,1
10.11,39.51,92.24,51.52,38.62,0
8.41,96.7,7.27,77.47,39.1,0
70.1,48.11,28.06,56.21,73.72,1
7.28,47.77,34.99,55.27,49.04,0
82.19,43.93,78.24,11.47,74.17,1
70.62,61.02,99.25,12.61,63.82,1
8.13,28.1,24.07,52.95,32.92,0
8.48,62.07,87.43,26.89,27.25,0
98.66,61.04,83.06,2.1,81.74,1
37.43,79.76,22.47,72.28,47.45,1
37.06,85.86,39.93,3.25,47.63,0
81.28,52.44,40.97,59.53,73.99,1
94.72,40.7,97.82,53.92,89.43,1
98.6,37.04,18.09,96.88,86.63,1
75.34,31.54,79.92,48.42,74.31,1
37.63,19.9,33.42,6.36,57.05,0
8.35,44.11,73.09,55.17,31.18,0
77.71,37.97,42.0,84.11,75.31,1
55.84,97.15,57.84,99.68,65.33,1
42.42,62.41,83.26,43.03,45.75,0
90.64,44.52,80.42,32.03,72.46,1
11.12,64.34,86.64,90.67,38.4,1
49.26,26.83,5.96,19.12,62.02,0
1.14,52.74,69.21,61.54,41.0,0
46.87,68.23,14.0,40.57,58.91,0
5.63,56.56,41.58,4.11,37.48,0
11.88,49.15,54.86,34.73,36.15,0
11.75,99.48,40.27,26.52,38.54,0
64.92,89.83,51.96,68.61,77.29,1
74.6,67.99,99.65,94.88,64.14,1
58.34,63.4,13.52,26.8,67.07,0
96.22,67.76,67.55,81.15,98.41,1
37.49,32.11,39.6,5.54,53.9,0
28.57,48.59,13.3,53.81,55.4,0
86.86,18.35,15.87,7.06,78.97,0
22.36,55.42,94.93,93.4,43.26,1
96.32,61.16,87.96,76.64,87.96,1
1.22,34.36,90.7,65.79,19.64,0
96.99,96.94,99.15,82.39,82.35,1
4.32,92.3,20.83,64.75,27.11,0
89.11,76.38,35.54,96.89,87.58,1
52.77,60.34,66.92,71.4,66.02,1
99.3,88.95,48.38,92.47,91.2,1
7.38,26.11,41.84,51.71,38.55,0
55.39,82.19,35.78,11.71,62.41,0
96.93,25.61,59.38,52.82,94.17,1
52.31,82.51,57.56,12.69,61.43,1
62.94,38.44,16.15,59.25,68.05,0
69.57,89.55,47.17,48.25,70.42,1
45.45,95.24,55.35,62.26,60.69,1
62.76,27.65,57.03,1.0,65.55,0
58.43,54.33,21.01,19.48,69.94,0
90.12,98.38,74.23,49.13,78.41,1
4.54,56.09,2.52,95.05,27.23,0
28.1,88.4,35.48,38.36,50.29,0
95.04,65.04,78.02,42.44,86.58,1
89.03,46.9,56.39,71.47,81.15,1
45.57,39.29,26.12,60.38,61.79,0
62.01,32.27,69.5,29.89,64.17,1
27.74,79.75,56.74,41.08,45.64,0
18.81,47.86,79.62,21.77,48.28,0
46.37,58.46,73.5,96.6,65.52,1
35.34,56.85,61.01,13.06,59.06,0
58.37,64.07,48.82,37.18,63.61,1
7.77,88.57,13.32,2.58,40.82,0
97.44,98.36,26.13,22.18,83.72,1
98.62,49.64,41.91,78.05,84.64,1
69.82,85.34,59.93,20.12,60.14,0
53.61,79.98,51.37,8.01,70.53,0
30.95,63.75,28.82,47.45,44.25,0
81.38,96.26,0.65,1.0,78.2,0
68.47,32.04,49.62,8.48,66.53,0
16.26,24.29,28.56,80.76,43.23,0
91.09,87.59,73.46,77.15,82.78,1
82.25,52.33,2.39,91.51,72.83,1
94.98,86.99,58.48,85.45,89.2,1
72.57,90.91,94.15,68.32,66.37,1
61.34,20.31,17.44,5.23,62.62,0
41.82,90.09,47.16,78.28,44.56,0
93.27,53.11,9.14,84.55,78.84,1
86.61,58.39,62.57,79.91,82.86,1
4.52,68.26,55.05,50.85,22.89,0
2.64,93.74,40.74,23.29,24.18,0
37.65,16.62,52.14,84.53,52.58,1
81.06,55.53,89.66,72.72,75.92,1
98.73,73.46,19.63,98.08,99.2,1
15.04,76.43,2.26,15.57,48.19,0
59.41,73.87,86.17,22.57,61.31,0
38.09,26.43,57.71,21.18,55.64,0
96.99,40.45,89.07,79.25,91.94,1
84.21,45.49,59.69,18.69,77.54,0
83.83,83.38,81.02,6.67,72.82,1
46.87,38.69,42.97,99.86,58.06,0
41.48,32.91,74.99,2.48,54.02,0
27.34,96.38,91.3,83.52,44.23,1
5.64,15.75,57.21,36.54,35.59,0
86.47,99.81,18.08,84.16,78.13,1
81.29,72.53,26.88,55.46,73.01,1
99.97,85.42,19.86,90.16,90.53,1
99.66,40.04,24.69,92.62,91.73,1
55.54,16.22,30.64,0.91,57.44,0
76.9,77.72,55.51,7.54,80.78,1
94.48,85.9,58.8,25.04,77.83,1
84.96,77.94,42.65,66.93,78.09,1
24.73,27.14,61.54,88.83,43.55,0
45.05,79.04,8.16,45.99,53.85,0
12.92,80.36,8.78,60.7,34.92,0
95.41,70.98,17.18,18.85,96.6,1
60.62,80.12,51.81,80.5,62.12,1
22.86,86.9,21.4,96.73,55.92,1
67.17,67.16,28.33,26.86,72.49,1
61.81,22.53,40.03,49.48,67.55,0
35.82,56.45,81.19,8.61,53.87,0
11.36,21.6,1.39,55.91,49.46,0
67.16,49.64,64.94,50.28,65.33,0
52.03,49.6,66.89,14.44,55.62,0
77.23,20.61,79.87,44.21,72.56,1
52.02,44.65,93.28,33.41,61.37,0
85.22,24.43,2.01,52.18,72.5,0
55.19,83.7,15.38,58.57,63.23,0
56.09,95.55,88.62,0.85,72.12,1
87.67,21.15,45.85,76.1,83.36,1
40.35,96.18,56.46,71.3,52.75,1
13.4,59.42,66.3,36.63,34.95,0
2.88,40.46,67.91,5.29,36.22,0
75.51,21.53,93.17,75.49,71.18,1
62.03,57.55,99.69,95.52,76.45,1
70.41,82.53,72.02,24.02,81.91,1
21.3,75.1,28.72,32.35,44.06,0
13.64,19.27,87.98,18.38,38.12,0
1.45,21.2,4.92,57.69,36.03,0
35.06,49.24,23.11,15.48,56.51,0
58.99,40.1,89.74,35.62,61.37,1
39.22,34.75,25.62,69.7,50.9,0
43.75,38.89,22.07,56.01,49.64,0
90.42,83.3,13.81,38.65,86.29,1
34.83,93.98,85.91,42.02,54.23,1
51.4,49.43,50.01,56.21,54.09,1
78.37,92.02,67.49,0.59,74.74,1
39.65,42.33,23.91,7.85,47.06,0
62.21,55.5,75.8,88.13,62.83,1
86.24,34.21,76.0,7.79,84.5,1
94.95,69.44,31.26,70.68,83.3,1
14.71,98.21,41.07,92.0,37.32,1
92.66,66.3,20.97,27.07,77.46,1
49.21,45.41,97.66,37.05,60.46,1
25.82,70.06,64.56,56.89,45.27,0
45.91,25.45,93.45,88.17,53.9,1
98.0,90.54,30.34,94.19,87.86,1
49.26,57.76,78.19,73.96,60.46,1
32.88,53.19,76.59,8.66,45.65,0
63.34,64.8,69.17,66.92,60.62,1
24.01,68.11,96.56,41.03,53.44,0
7.59,21.1,39.36,47.07,31.39,0
12.89,73.02,13.07,4.91,37.25,0
12.8,35.56,67.17,19.11,42.74,0
15.19,75.69,72.93,79.05,56.76,1
13.88,84.92,57.51,45.4,32.11,0
64.09,83.34,20.68,30.17,70.7,1
18.19,61.96,50.45,38.4,37.38,0
34.57,59.21,31.22,85.44,48.05,0
89.68,27.14,42.75,74.9,80.21,1
47.4,80.9,64.52,27.23,52.81,0
66.76,38.07,74.52,11.75,69.85,0
17.23,57.22,23.22,25.2,32.97,0
19.23,39.16,40.53,92.08,46.27,0
4.09,26.38,26.92,58.16,32.73,0
16.89,68.51,19.86,53.35,42.25,0
27.86,19.62,78.34,59.64,44.38,0
17.7,78.63,90.93,36.6,38.78,0
8.87,41.99,37.02,80.71,36.76,0
12.06,15.01,75.13,52.33,31.42,0
46.08,58.45,89.7,11.67,55.86,0
20.63,18.98,84.61,12.91,38.08,0
36.43,38.47,18.28,53.69,47.4,0
50.34,75.09,95.63,93.66,49.66,1
69.04,20.33,37.67,30.84,78.12,0
3.93,86.34,33.92,86.95,28.93,0
79.94,15.32,6.24,76.41,83.78,1
62.79,35.98,48.62,24.78,73.02,0
8.18,77.98,10.9,3.63,28.48,0
87.36,41.88,24.85,10.18,76.97,1
92.09,23.66,31.69,72.85,98.05,1
6.11,45.62,80.88,19.97,42.42,0
27.69,37.98,87.55,37.13,46.46,0
80.62,86.63,30.25,50.17,79.66,1
74.83,41.63,85.87,72.55,71.74,1
18.45,82.06,85.72,11.32,43.23,0
20.93,90.81,76.47,40.64,38.98,0
37.05,51.87,14.67,48.51,42.07,0
48.45,92.35,69.03,54.08,52.46,1
61.83,47.07,94.5,81.84,67.2,1
36.89,96.95,68.25,17.17,46.48,0
46.25,22.59,33.16,80.78,57.42,0
74.75,73.4,50.06,69.29,69.47,1
3.67,56.97,64.57,55.59,28.29,0
25.24,47.95,51.06,69.95,49.41,0
71.33,68.78,12.0,41.2,74.04,1
89.52,74.83,31.21,13.84,83.66,1
51.17,15.37,80.24,66.58,65.1,1
53.21,29.19,86.14,52.47,64.33,1
10.72,75.61,13.73,63.94,43.66,0
44.74,71.64,95.24,33.8,54.55,0
53.26,97.11,32.88,90.69,59.81,1
24.25,79.69,66.23,58.74,38.04,1
26.92,95.82,75.18,8.54,44.01,0
37.73,74.72,81.19,44.98,57.46,1
2.01,40.33,94.57,75.64,37.7,0
32.21,23.96,31.29,79.41,54.13,0
21.14,81.46,85.85,49.46,33.72,0
32.75,69.75,13.17,89.47,55.07,0
11.98,19.1,70.5,26.77,27.99,0
89.05,45.6,74.2,41.06,87.92,1
59.36,96.33,67.77,89.86,63.78,1
67.91,57.53,25.23,89.63,74.26,1
78.92,51.78,87.3,68.57,70.69,1
49.84,53.9,16.89,85.9,65.76,1
8.69,32.76,5.36,8.88,27.89,0
53.71,46.34,71.75,86.5,58.88,1
58.68,46.43,47.55,32.06,60.22,0
74.54,19.45,84.91,17.83,65.95,0
43.17,80.24,38.34,23.94,56.37,0
12.76,50.4,16.83,41.8,46.69,0
28.38,84.89,83.64,25.12,60.36,1
36.31,87.28,54.89,32.06,52.27,0
64.59,33.02,18.92,13.5,74.34,0
57.08,70.88,72.04,29.62,65.41,1
35.61,55.14,51.11,57.23,53.86,0
98.65,89.81,60.43,44.19,87.48,1
60.58,33.34,46.09,34.67,67.32,0
23.72,72.61,82.87,74.65,46.92,1
10.18,66.66,82.96,89.35,33.21,0
15.29,40.1,70.94,75.68,38.78,0
24.6,26.61,10.54,33.2,44.47,0
16.07,70.39,83.89,74.44,43.77,0
18.66,77.78,67.1,15.2,35.86,0
28.51,41.83,69.7,13.03,46.85,0
17.34,69.81,36.3,34.56,49.96,0
89.68,48.59,87.93,80.77,89.63,1
8.02,75.62,72.54,24.63,41.56,0
52.45,31.93,11.26,6.33,61.59,0
41.04,90.67,40.78,13.17,56.23,0
98.24,39.43,88.64,85.87,93.95,1
11.2,46.26,4.72,63.38,44.52,0
39.79,19.94,96.14,25.32,44.11,0
96.95,24.48,67.92,55.53,81.59,1
86.55,58.85,63.14,52.76,88.48,1
81.71,37.75,27.06,65.54,77.64,1
25.79,86.02,24.88,23.32,42.12,0
17.09,16.25,94.21,86.44,33.98,0
66.86,47.22,29.83,30.94,67.34,0
92.94,43.67,77.55,69.41,78.75,1
55.68,16.64,39.31,1.61,73.86,0
57.16,25.57,13.93,37.27,64.18,0
28.0,50.16,1.07,35.17,46.51,0
76.95,56.89,54.43,54.35,79.11,1
18.7,49.36,97.58,7.27,46.03,0
32.37,60.13,36.91,79.01,54.15,0
42.54,65.59,35.72,21.78,60.89,0
50.76,15.84,34.41,67.7,57.3,0
24.24,54.45,52.05,80.32,43.06,0
11.48,96.9,44.07,56.19,40.74,0
61.06,59.12,87.99,74.09,64.0,1
28.86,72.59,50.55,66.19,47.29,1
58.12,41.51,50.78,35.55,66.87,1
15.44,80.79,13.84,80.89,43.19,0
48.11,80.7,98.27,29.47,49.98,1
53.26,59.31,25.0,57.12,65.53,1
5.18,97.96,7.34,74.54,31.94,0
33.66,25.67,66.31,37.9,53.73,0
13.44,16.44,59.54,30.28,41.95,0
6.34,80.46,41.51,45.93,41.84,0
99.0,83.61,42.22,81.8,96.16,1
32.24,25.22,78.51,92.99,56.07,0
80.99,37.57,19.57,54.51,85.81,1
25.46,16.49,82.03,66.15,46.74,0
68.15,39.93,64.87,90.33,71.05,1
76.02,80.72,41.9,9.85,79.98,1
59.56,59.03,45.8,23.21,69.4,1
47.16,44.59,25.66,70.89,56.75,0
41.18,46.6,75.21,82.37,56.73,0
34.89,15.12,51.29,85.7,50.76,0
92.95,40.48,32.09,41.51,81.5,1
83.06,69.95,59.61,8.93,86.29,1
96.5,97.81,99.57,43.78,88.18,1
12.43,87.0,43.53,23.07,47.7,0
73.09,17.01,92.07,29.12,65.72,1
93.83,91.38,34.5,77.23,83.52,1
18.12,81.57,5.47,7.55,41.04,0
6.65,81.33,20.42,82.76,39.68,0
74.11,53.93,41.87,42.77,76.46,1
57.45,48.83,21.96,59.61,66.02,0
84.18,40.75,0.02,8.97,74.87,0
13.98,20.58,91.5,33.74,32.6,0
79.53,34.4,84.39,8.97,79.33,1
20.16,35.96,74.23,96.15,35.28,0
16.37,56.15,16.78,80.73,37.16,0
16.43,78.53,12.04,45.96,42.36,0
81.46,55.27,6.76,22.36,73.96,0
66.52,19.92,72.4,93.35,77.94,1
52.31,96.41,92.88,34.46,67.5,1
35.88,95.13,43.05,16.1,43.67,0
87.72,81.74,11.91,56.32,77.97,1
39.24,99.26,51.24,94.38,42.12,1
81.66,61.28,34.88,0.38,75.08,0
43.91,96.84,37.48,23.81,60.18,1
37.69,21.43,62.13,93.84,50.55,1
46.27,46.08,71.87,17.11,60.06,0
30.14,34.16,11.06,11.32,40.47,0
74.76,31.65,3.56,57.02,78.85,1
50.27,26.97,99.43,86.18,57.39,0
23.22,67.91,23.27,47.71,43.99,0
89.96,81.41,5.38,99.46,83.51,1
38.39,64.16,18.99,67.92,46.68,0
54.36,27.49,3.9,7.41,56.85,0
90.65,83.95,39.18,99.28,89.23,1
62.42,69.06,80.24,40.79,69.45,1
11.69,47.99,34.12,28.74,42.26,0
93.98,72.3,44.42,55.79,88.01,1
62.77,37.09,67.56,30.43,68.38,1
33.49,44.34,50.89,8.65,41.46,0
13.93,92.99,86.14,0.14,37.0,0
79.4,39.69,86.6,44.96,77.5,1
62.01,54.95,0.99,83.69,76.97,1
53.35,90.66,77.8,57.23,65.44,1
89.39,75.16,46.07,99.92,91.31,1
78.86,20.29,98.88,28.68,80.3,0
15.17,27.52,48.32,28.05,35.54,0
31.17,15.67,98.69,15.97,49.29,0
24.85,68.63,75.46,16.41,46.09,0
74.39,53.05,24.86,28.52,69.94,1
3.35,26.41,53.84,79.28,30.09,0
56.99,96.42,99.21,90.58,63.16,1
76.25,60.02,85.75,97.51,83.78,1
87.68,35.56,9.74,23.23,72.2,1
34.21,57.55,70.64,88.13,56.55,0
82.13,72.77,34.56,32.83,74.59,0
11.06,21.48,0.7,11.28,29.78,0
84.65,38.35,40.35,87.0,86.69,1
12.75,83.59,23.48,63.61,41.31,0
39.73,54.07,81.89,16.47,60.11,0
79.73,61.46,33.73,42.98,81.84,1
14.99,51.79,82.75,28.73,49.29,0
22.93,18.73,0.06,73.68,46.55,0
72.23,29.09,30.78,45.34,72.55,0
72.0,52.87,24.12,98.93,74.92,1
64.11,32.78,23.36,5.47,74.69,0
69.39,19.25,6.82,35.5,67.74,0
54.27,86.71,18.71,48.19,59.3,0
25.18,98.4,55.55,50.31,43.56,1
34.57,82.42,29.14,31.59,40.22,0
18.16,87.57,41.74,72.92,41.59,0
90.85,35.57,37.69,87.47,75.08,1
58.34,96.65,87.59,93.87,65.27,1
40.09,31.74,90.53,80.51,58.38,1
46.2,95.87,49.3,85.06,55.34,1
94.73,99.56,33.02,55.05,95.22,1
15.34,75.5,10.68,82.59,31.9,0
58.62,98.4,95.34,30.35,71.13,1
50.59,63.41,6.02,39.85,63.73,0
61.15,37.06,29.77,31.69,58.11,1
1.81,52.14,29.81,46.74,44.64,0
87.21,65.45,32.04,28.56,82.01,1
93.21,21.21,16.43,96.16,81.54,1
56.51,67.9,78.32,31.28,56.87,0
69.67,98.4,12.25,9.8,70.7,1
92.25,31.16,63.49,52.68,84.71,1
70.72,82.37,12.38,5.71,72.95,0
15.25,92.17,7.05,11.05,37.66,0
57.63,95.21,90.94,21.94,67.74,1
60.67,96.61,19.01,46.44,64.46,0
42.41,59.32,82.13,43.33,45.77,1
73.64,98.07,54.46,79.97,73.44,1
93.44,79.37,7.79,73.95,74.22,1
92.56,28.74,95.54,42.63,87.3,1
45.08,55.54,24.7,33.37,52.15,0
11.32,76.06,85.96,31.65,37.61,0
98.48,36.02,16.88,77.4,95.66,1
83.89,69.45,85.39,5.21,75.59,1
12.47,71.66,1.32,1.28,42.79,0
92.08,28.83,51.18,79.55,83.08,1
86.99,63.03,76.94,47.71,90.96,1
51.88,80.59,93.48,13.09,59.3,0
59.13,57.41,90.92,23.56,61.27,0
39.9,16.03,81.96,93.25,57.38,1
5.48,15.77,88.82,85.95,31.11,0
33.52,45.35,19.92,70.98,45.9,0
80.29,93.73,28.42,48.22,75.78,1
0.46,34.44,28.9,52.03,30.05,0
33.35,68.92,37.71,97.52,56.72,0
39.82,33.88,39.33,96.58,44.22,1
53.74,42.34,54.46,21.53,62.36,0
91.99,87.08,15.99,81.11,88.32,1
34.63,76.95,69.12,19.72,51.75,0
34.7,23.11,16.76,21.35,57.37,0
73.75,51.44,31.03,67.61,73.88,1
45.22,17.48,50.33,40.5,56.21,0
22.46,55.88,79.64,93.15,46.44,0
45.24,71.31,73.95,8.9,57.64,1
14.09,25.07,64.55,51.15,36.5,0
17.64,39.56,15.58,91.85,43.16,0
49.84,48.82,54.7,90.41,56.64,1
41.89,93.16,8.74,15.65,52.08,0
91.48,99.43,37.74,36.66,82.25,1
36.24,18.82,41.35,61.91,58.51,0
58.06,79.69,3.98,15.94,48.73,0
63.23,46.6,27.4,96.8,69.91,1
1.31,48.36,95.56,91.47,30.96,0
66.35,79.11,95.36,16.7,61.41,1
17.8,93.07,35.23,12.12,42.23,0
96.11,95.83,4.31,8.54,90.04,1
14.87,64.06,17.91,90.94,41.87,0
41.46,45.36,39.22,19.36,41.62,0
8.53,81.94,94.78,41.63,41.95,0
99.69,36.34,14.12,44.89,86.12,1
50.22,62.95,76.35,59.9,63.56,1
59.54,45.48,10.87,7.17,69.43,0
6.71,70.81,98.13,22.68,29.64,0
75.0,35.43,38.16,93.15,78.3,1
20.99,31.29,77.52,90.84,40.67,0
89.81,93.05,34.26,78.13,73.53,1
20.51,23.65,62.77,1.94,48.15,0
19.07,58.01,19.2,32.7,37.57,0
3.65,33.77,14.6,62.8,27.92,0
47.21,18.31,93.81,27.52,56.31,0
56.48,18.06,91.76,90.96,65.25,1
6.57,29.89,88.75,63.39,33.66,0
77.55,88.68,62.54,7.19,79.27,1
45.33,39.01,80.83,90.9,50.5,1
52.44,95.79,6.9,95.78,57.75,1
44.08,64.44,33.48,7.77,55.87,0
40.08,52.11,31.37,53.24,63.54,0
55.96,64.31,63.56,30.34,63.01,0
15.52,58.92,35.6,39.28,44.74,0
18.19,79.5,14.85,17.97,41.11,0
86.18,39.01,59.65,57.81,79.29,1
94.61,45.01,81.44,95.8,85.53,1
37.33,91.0,38.21,50.31,51.56,1
27.07,95.45,13.23,8.29,49.26,0
64.4,90.87,19.67,62.0,75.51,1
40.87,50.65,23.75,34.02,56.32,0
2.54,81.33,29.99,85.59,37.46,0
15.62,55.49,64.28,43.47,34.55,0
71.6,57.29,60.09,19.28,70.89,1
65.89,32.4,69.61,19.11,65.91,0
2.71,65.25,36.25,76.88,33.2,0
22.2,30.82,82.4,26.56,41.52,0
23.11,43.18,20.41,76.72,47.51,0
67.19,87.68,46.9,20.59,65.66,1
1.97,32.6,80.09,32.17,31.4,0
10.41,21.05,18.02,46.55,39.68,0
79.99,20.87,10.99,94.32,67.67,0
17.85,94.97,88.37,93.17,51.32,1
65.27,58.09,34.29,20.69,67.75,0
23.82,49.8,68.39,35.82,34.17,0
9.94,83.92,2.53,14.94,36.76,0
24.32,86.05,69.0,51.0,44.76,0
72.23,43.24,31.61,46.06,72.93,1
85.57,73.96,5.57,90.08,86.3,1
83.02,80.55,60.98,93.0,83.55,1
39.72,70.65,24.08,38.36,55.32,0
66.81,27.89,38.68,49.17,72.34,1
20.5,89.45,8.06,89.62,41.78,0
29.31,60.82,14.72,80.67,56.47,1
89.63,39.01,29.8,0.37,76.38,0
1.3,51.14,8.98,32.01,31.48,0
8.55,18.19,91.08,42.18,35.46,0
20.79,25.87,0.6,22.97,46.54,0
2.65,80.07,48.39,19.96,27.37,0
18.14,15.0,12.32,3.78,32.17,0
58.3,50.41,30.77,64.34,65.77,0
42.14,59.41,92.61,26.25,56.69,0
89.27,19.64,16.17,5.23,91.01,0
81.74,97.71,96.58,23.1,72.69,1
34.18,34.22,20.58,80.19,56.28,0
25.94,40.86,74.16,85.15,57.4,1
37.97,40.84,54.67,48.31,50.89,0
59.03,34.59,88.45,41.61,58.96,0
26.81,15.13,55.4,97.79,44.05,0
62.41,76.99,53.46,20.06,67.52,1
40.94,97.18,19.55,21.54,57.38,1
55.2,34.06,16.62,29.19,60.17,0
43.61,71.36,91.65,17.28,63.94,1
29.45,78.06,32.78,37.94,42.1,0
94.85,87.12,37.21,91.08,78.21,1
76.36,50.92,75.98,61.53,81.35,1
14.01,40.75,33.88,41.19,27.03,0
86.85,42.65,95.21,93.44,81.09,1
48.74,75.57,73.79,4.85,74.83,0
89.46,84.43,59.74,21.03,83.61,1
79.99,30.44,88.09,56.59,72.39,1
42.52,46.53,4.96,61.56,55.23,0
2.25,91.66,25.71,3.96,31.09,0
26.87,83.57,46.5,40.3,46.92,0
54.16,98.71,22.7,64.92,65.81,1
63.35,79.11,74.39,69.81,62.81,1
25.79,48.42,91.92,63.81,53.91,0
13.94,65.2,42.38,32.06,39.59,0
83.49,71.19,34.21,9.35,83.73,1
98.44,21.67,96.16,42.71,85.92,1
52.57,61.28,44.49,12.88,67.97,1
17.17,75.29,48.9,94.76,39.02,0
27.23,29.22,35.16,47.52,47.73,0
1.84,81.35,90.95,31.73,26.44,0
91.43,64.62,56.9,76.63,79.87,1
11.78,95.94,76.22,49.79,40.51,0
57.65,18.61,81.18,31.0,62.37,0
27.41,37.55,34.18,81.2,42.17,0
55.42,66.13,43.37,86.72,60.03,1
65.14,40.21,84.85,67.3,72.58,1
82.97,75.73,36.33,4.7,76.64,1
20.64,79.52,79.39,56.63,41.8,0
1.1,23.71,94.1,76.33,30.73,0
13.69,58.68,62.32,13.65,28.63,0
90.0,58.26,74.16,22.87,76.65,1
87.39,46.39,80.51,88.25,84.11,1
59.74,94.3,84.5,2.01,62.16,0
60.05,85.34,39.51,75.27,71.31,1
66.5,74.26,5.13,47.38,74.74,1
17.54,75.72,40.19,44.68,44.12,0
91.44,54.25,67.38,0.71,93.96,1
41.88,93.28,45.04,81.94,54.71,1
38.31,74.04,74.9,35.98,56.23,0
51.89,76.96,35.7,54.08,58.21,1
4.7,88.24,63.47,67.73,45.08,0
16.63,38.3,18.64,70.26,49.9,0
73.8,83.6,74.94,95.6,74.34,1
8.28,31.6,54.57,53.13,36.9,0
60.32,44.35,20.41,39.97,72.99,0
24.53,43.53,29.19,95.37,43.99,0
38.93,98.17,74.86,64.21,50.07,1
28.87,87.81,48.26,29.82,51.69,1
35.57,74.6,21.6,12.65,51.73,0
71.9,76.8,96.73,84.26,74.06,1
29.71,62.78,71.51,36.22,43.66,0
56.64,95.5,95.71,66.05,55.4,1
47.61,57.18,42.71,47.08,59.74,0
66.37,47.34,47.51,19.89,74.35,0
93.68,28.86,89.8,60.17,85.08,1
73.26,81.83,52.5,6.07,81.14,1
21.49,77.43,70.73,41.33,39.38,1
3.12,47.67,25.22,54.66,26.6,0
26.23,17.14,44.67,43.6,45.4,0
59.51,86.31,12.34,74.87,65.29,1
5.14,15.97,20.6,82.79,36.94,0
49.64,74.81,0.09,77.12,55.91,0
59.68,97.47,3.93,3.88,72.65,1
33.42,52.2,97.73,19.41,59.89,1
77.09,34.97,24.24,53.66,76.06,0
10.66,74.91,66.33,93.48,42.64,0
7.51,84.46,83.91,83.5,29.23,0
72.82,61.45,55.07,84.25,79.07,1
49.55,97.2,15.31,30.32,64.97,1
68.84,19.39,72.81,42.94,75.62,1
43.48,57.91,60.03,47.07,56.01,0
24.64,76.07,73.13,15.74,30.01,0
81.91,88.32,76.97,3.11,75.94,1
79.94,30.24,97.54,94.69,74.84,1
69.47,83.0,57.36,24.07,66.79,0
27.21,61.98,34.16,23.99,46.94,0
59.02,48.71,64.85,8.34,63.32,1
36.1,26.2,6.84,92.85,47.54,0
9.16,88.55,89.74,57.97,30.2,0
91.73,28.37,11.94,66.7,81.46,1
13.68,41.33,32.78,91.16,43.82,0
95.02,39.65,81.57,34.56,83.71,1
44.6,89.07,59.73,62.15,54.19,1
18.51,72.18,39.36,3.88,38.82,0
54.19,82.72,47.34,18.68,64.21,1
87.29,36.29,85.45,83.12,84.66,1
73.22,68.11,34.0,76.68,58.71,1
80.66,63.6,86.96,35.06,83.5,1
65.88,85.79,8.81,37.68,76.71,0
69.23,92.02,77.68,53.36,66.29,1
84.92,16.03,84.75,0.02,76.09,0
24.97,72.29,18.18,24.12,42.73,0
48.94,19.41,43.03,20.82,55.59,0
22.12,61.65,16.55,25.05,44.39,0
98.77,39.45,70.66,80.59,79.53,1
94.41,41.08,53.53,27.97,81.05,1
3.94,45.0,63.53,19.15,40.06,0
70.56,67.81,19.65,50.43,67.69,1
92.52,43.39,21.17,86.56,91.73,1
18.06,77.28,4.15,24.13,42.61,0
56.79,49.38,32.21,7.85,55.03,0
91.55,20.81,55.97,35.64,88.11,1
3.39,81.62,85.79,74.77,31.45,0
69.74,39.29,66.69,55.07,69.57,1
29.73,51.79,43.54,81.68,49.07,1
92.44,73.26,95.31,95.96,87.84,1
97.11,43.26,71.92,79.27,91.8,1
94.43,19.81,93.02,60.38,92.55,1
47.42,46.78,52.76,49.33,60.49,1
86.2,95.28,25.89,4.01,74.84,1
84.45,69.55,5.28,98.43,78.3,1
31.91,72.08,72.61,38.35,63.86,1
82.89,68.74,12.13,15.22,83.36,1
3.7,31.91,30.28,66.67,44.07,0
59.63,50.56,53.25,28.43,72.75,1
23.0,78.83,56.44,58.58,45.01,0
12.06,23.62,60.06,58.68,38.74,0
7.7,38.62,16.63,44.57,34.43,0
69.63,38.49,37.97,83.61,63.09,0
33.99,51.72,61.72,26.5,50.48,0
72.48,98.33,96.98,44.86,79.54,1
6.54,20.74,72.76,53.77,30.92,0
31.53,59.09,92.26,66.36,50.98,0
53.95,30.25,76.22,78.4,66.63,0
79.07,97.51,59.17,39.48,72.89,1
31.88,24.63,19.2,64.6,46.87,0
62.59,49.31,66.67,15.06,62.46,1
88.6,77.72,62.34,93.26,79.05,1
61.59,74.89,60.25,38.31,60.51,1
23.3,50.93,48.98,72.95,39.48,0
2.44,44.45,52.87,2.03,38.56,0
87.01,48.8,33.44,20.52,77.63,1
2.13,37.46,51.93,48.71,31.91,0
87.47,32.45,19.76,87.83,79.97,1
52.89,56.06,80.52,52.73,67.63,1
93.91,37.83,18.58,92.99,92.9,1
79.88,39.43,8.5,48.38,82.25,1
99.79,70.82,43.62,49.04,91.41,1
35.07,97.33,65.83,11.97,49.89,0
76.72,66.31,43.77,80.27,70.07,1
40.19,21.54,27.68,24.7,63.83,0
47.99,21.42,55.82,89.96,54.99,0
62.75,95.87,34.7,91.08,70.97,1
87.37,40.27,93.29,94.33,87.72,1
98.41,22.83,92.26,52.02,86.27,1
76.83,65.92,50.24,67.71,81.29,1
41.78,68.01,32.79,77.85,58.89,1
42.14,70.12,73.71,13.1,63.92,0
73.76,37.73,3.67,60.1,71.91,1
23.88,16.28,47.48,3.43,37.9,0
11.05,97.03,33.63,49.76,34.1,0
35.46,36.33,92.05,15.48,52.32,0
28.72,72.46,1.2,18.29,47.53,0
29.63,75.06,55.28,36.5,45.81,0
23.36,66.85,74.07,43.24,34.47,0
4.21,41.6,48.5,62.32,34.88,0
1.79,38.04,8.54,7.44,40.93,0
98.77,65.8,97.25,50.37,91.58,1
42.78,88.62,51.8,18.26,58.71,1
38.43,95.47,61.42,57.4,55.92,1
67.96,24.0,23.66,63.74,72.76,1
21.83,28.16,48.35,55.67,47.75,0
95.0,95.3,42.91,73.83,88.97,1
78.63,77.61,7.49,33.56,75.62,1
8.94,90.05,10.62,76.51,31.38,0
41.76,32.22,83.75,43.28,53.81,0
87.91,64.94,23.98,48.42,84.32,1
94.47,74.6,19.5,64.81,85.1,1
46.74,72.81,50.49,1.84,59.62,0
61.34,49.69,76.87,65.4,69.0,1
16.7,16.31,6.19,61.86,44.19,0
99.12,64.55,57.68,30.98,95.88,1
23.17,36.51,11.92,8.58,44.29,0
94.27,53.27,3.65,9.09,80.03,0
64.96,96.39,5.27,92.32,67.25,1
60.77,48.92,83.42,68.93,66.68,1
51.27,86.38,11.8,12.71,51.58,0
23.07,31.03,4.52,35.67,50.78,0
17.65,72.16,43.79,59.25,41.3,0
22.05,98.05,84.4,83.56,45.14,0
18.64,23.66,26.24,4.37,48.01,0
77.96,15.71,42.17,23.66,73.62,0
35.01,51.85,3.99,88.97,53.88,0
5.78,22.87,44.91,0.92,32.92,0
96.91,78.61,57.76,20.14,87.23,1
88.38,92.74,57.09,95.9,79.17,1
92.78,51.89,33.24,61.34,93.99,1
99.49,36.99,31.55,26.17,87.82,1
17.39,51.92,10.66,6.7,43.93,0
39.62,76.49,36.68,2.82,44.4,0
75.82,15.77,9.95,24.47,81.39,0
69.6,65.1,76.66,88.15,77.02,1
15.39,67.13,96.63,41.59,39.72,0
81.58,69.2,97.01,72.03,77.82,1
22.44,35.57,86.51,91.83,45.47,0
22.38,75.69,60.08,40.8,54.87,0
53.7,22.77,70.09,19.13,53.4,0
59.29,31.94,28.52,51.71,69.49,1
58.01,89.58,63.08,90.81,60.25,1
9.15,77.79,45.56,80.44,35.39,0
87.75,16.17,48.2,6.58,81.41,1
26.56,36.11,75.78,69.26,43.79,0
12.95,33.22,28.19,57.19,37.72,0
88.87,38.02,31.8,90.75,77.65,1
95.57,36.04,92.46,12.25,92.48,1
86.21,20.31,5.62,53.4,72.76,0
80.95,54.01,48.56,87.95,81.27,1
65.52,77.28,91.28,41.0,67.68,1
55.09,66.57,61.04,48.2,57.2,1
8.7,72.19,54.64,7.05,36.23,0
40.85,21.9,24.97,27.81,46.72,0
37.27,95.88,34.33,32.45,52.56,1
25.98,86.27,85.2,94.51,38.47,1
72.34,83.43,55.92,28.27,75.71,1
49.59,84.95,51.47,46.09,55.13,1
8.1,94.28,9.96,67.13,32.61,0
22.02,61.26,1.6,16.22,44.68,0
68.33,32.02,96.37,48.64,67.13,1
7.61,67.43,37.7,73.85,34.28,0
85.12,78.14,60.32,86.69,73.5,1
49.51,77.72,7.97,62.63,62.86,1
48.06,59.32,68.31,66.91,67.66,1
59.24,20.82,93.26,12.63,79.51,0
82.47,46.54,57.57,94.58,79.94,1
34.78,93.27,12.61,13.26,54.81,0
67.8,64.68,58.17,77.47,61.78,1
56.57,60.76,76.63,26.48,71.46,0
26.7,37.85,40.64,93.36,49.9,0
87.86,46.32,87.98,72.0,80.3,1
79.74,91.1,64.87,75.38,84.03,1
65.85,71.65,89.92,21.91,68.23,1
85.06,81.93,62.35,44.3,78.74,1
86.73,53.62,13.13,61.78,84.41,1
70.84,68.57,30.97,77.0,67.19,1
83.7,36.11,20.18,10.4,85.33,1
69.75,74.96,90.88,96.24,66.57,1
68.01,51.35,76.04,89.02,65.56,1
61.86,52.62,67.64,27.03,62.57,0
75.27,70.19,30.1,82.28,78.96,1
15.86,94.58,18.4,51.83,36.43,0
88.09,20.44,75.65,46.18,76.11,1
87.18,85.1,47.42,31.44,79.28,1
2.92,39.85,22.58,58.1,31.59,0
82.58,52.73,61.66,72.99,73.64,1
12.89,16.86,4.03,41.09,31.97,0
33.51,40.59,32.62,62.92,60.66,0
74.35,57.72,46.86,69.93,70.31,1
16.08,19.77,14.8,71.11,38.03,0
81.8,56.74,98.47,5.2,77.24,1
83.21,93.8,20.91,85.97,77.82,1
50.75,23.96,13.04,45.83,63.55,0
0.64,79.98,20.35,26.24,35.12,0
28.7,49.82,76.91,24.18,45.69,0
61.69,70.69,42.55,48.3,60.83,1
98.12,37.12,56.54,88.68,95.24,1
63.18,28.56,2.1,37.83,67.43,0
25.98,28.64,3.44,74.97,54.24,0
63.4,20.99,44.58,9.68,56.81,0
54.0,30.78,81.67,47.61,63.38,0
77.98,71.46,88.52,99.17,86.38,1
10.7,89.94,8.67,77.04,34.65,0
76.1,84.2,53.84,21.05,74.53,1
54.13,73.24,91.32,50.14,63.95,1
96.3,24.39,38.8,23.36,84.99,1
34.19,39.58,82.96,40.96,48.95,1
63.26,41.33,13.37,78.01,66.27,0
93.2,36.25,93.54,77.12,82.78,1
10.25,58.78,75.14,22.81,42.29,0
93.72,60.52,94.13,92.22,88.54,1
68.79,45.34,67.66,59.26,72.53,1
6.78,45.07,36.34,37.99,38.11,0
30.1,85.43,93.82,50.19,46.74,0
70.82,82.09,27.56,60.51,68.62,1
6.74,41.16,33.22,55.99,31.03,0
58.22,92.67,70.08,48.64,64.94,1
34.59,95.99,76.53,50.49,45.46,0
62.09,42.77,92.94,17.64,64.75,0
4.57,45.13,20.48,81.27,30.16,0
87.15,57.98,79.8,54.18,92.91,1
97.35,95.0,73.85,13.11,74.54,1
96.89,89.49,6.38,76.62,87.23,1
74.97,23.72,38.72,93.24,83.61,1
13.01,48.38,28.28,94.73,38.41,0
75.83,62.04,30.45,36.9,79.26,0
2.46,57.77,98.29,13.55,31.97,0
2.21,31.48,64.28,51.84,27.99,0
32.36,88.0,71.77,11.26,38.21,0
48.86,72.54,97.66,93.4,60.35,1
77.04,86.22,37.72,18.36,72.35,1
68.33,87.99,80.18,25.28,67.0,1
44.59,78.61,43.45,40.66,54.26,0
27.36,52.33,86.95,38.32,55.14,0
99.71,66.9,18.07,79.47,101.85,1
42.62,28.63,94.77,45.63,56.66,0
45.14,72.26,21.88,17.08,54.76,0
16.36,30.24,32.62,26.72,33.93,0
79.48,73.99,75.62,50.91,80.03,1
69.37,34.52,39.38,14.75,80.54,0
22.08,24.99,60.82,61.17,42.01,0
8.24,29.05,44.46,56.57,23.05,0
68.05,15.17,74.24,71.47,74.18,1
65.45,76.09,22.83,93.77,74.2,1
27.33,77.25,5.85,91.23,38.47,0
95.09,58.77,29.99,94.61,87.93,1
15.11,28.72,47.43,24.47,41.32,0
43.23,22.1,16.8,13.16,55.57,0
94.36,16.63,35.48,30.23,82.66,0
41.97,29.09,40.0,89.51,60.26,0
63.85,90.72,5.74,97.21,66.29,1
39.76,35.53,58.33,85.93,46.43,1
27.42,45.11,88.43,11.0,36.21,0
98.4,23.95,15.17,94.74,95.34,1
40.93,33.9,59.78,42.34,57.64,0
89.41,59.13,66.47,0.93,84.09,1
23.0,66.66,41.93,44.24,41.6,0
21.31,35.85,70.11,4.61,40.14,0
3.11,19.91,41.07,54.39,26.49,0
65.17,48.24,50.46,33.86,66.94,1
36.85,34.91,0.74,47.34,41.51,0
86.44,33.66,69.17,61.32,78.18,1
47.32,96.59,66.13,86.88,56.84,1
96.82,67.39,3.84,66.19,91.14,1
18.55,62.33,36.83,43.4,40.93,0
86.86,50.34,97.9,81.94,86.09,1
77.66,51.46,42.07,90.56,83.34,1
77.09,60.98,50.19,11.98,81.55,0
84.48,74.2,90.99,53.19,83.04,1
76.1,74.68,71.73,28.45,75.72,1
62.62,29.59,58.21,4.71,62.67,0
13.12,57.51,79.78,66.85,41.57,0
3.25,50.02,86.44,86.28,40.35,0
92.08,88.99,45.69,16.29,86.96,1
61.67,68.67,47.51,81.24,76.59,1
79.65,60.26,38.61,85.34,70.16,1
48.15,24.81,96.67,91.43,53.12,1
11.73,66.48,69.72,26.53,41.31,0
12.52,24.96,8.32,90.4,38.83,0
68.56,43.66,86.3,32.07,77.7,1
43.03,27.14,48.06,55.23,55.74,0
20.05,73.83,6.88,5.05,37.69,0
49.16,32.53,54.97,4.39,58.43,0
6.42,48.31,41.72,72.04,26.19,0
58.2,91.13,87.77,44.45,59.28,1
26.9,32.37,20.4,25.63,51.0,0
79.76,58.16,82.65,19.04,82.22,1
31.04,50.64,55.77,67.0,50.44,0
45.52,16.54,5.46,0.04,48.71,0
1.16,82.38,97.18,80.59,28.91,1
7.24,20.87,51.26,7.92,28.22,0
39.25,55.31,29.09,19.15,59.43,0
47.99,62.66,46.94,38.62,55.88,0
60.0,68.42,85.79,48.49,60.57,1
29.17,73.53,30.49,35.5,47.65,0
69.5,36.53,19.27,32.07,68.5,0
86.01,15.85,12.91,96.39,89.03,1
77.99,76.49,29.79,64.16,73.12,1
3.96,60.53,78.0,2.34,25.38,0
48.05,86.07,47.16,43.02,48.07,0
10.49,84.82,22.75,87.5,36.14,0
24.2,86.68,16.62,30.15,41.71,0
98.67,56.23,33.27,9.46,82.06,1
14.25,43.36,93.99,75.84,44.5,1
49.89,82.28,34.3,60.6,63.27,0
61.82,53.36,98.81,57.03,66.95,1
70.25,30.59,48.52,5.36,78.97,0
55.96,87.67,17.92,14.05,66.89,0
0.98,90.02,89.11,62.25,26.47,0
32.65,54.64,46.04,20.78,44.39,0
51.77,21.43,70.97,50.41,65.15,1
8.79,47.97,98.37,54.49,37.25,0
35.06,83.3,5.02,28.35,51.89,0
3.32,91.65,9.67,94.84,27.76,0
7.86,32.3,72.05,84.25,37.75,0
39.69,20.69,28.18,72.24,50.04,0
13.27,89.57,18.43,7.8,37.45,0
56.75,48.1,3.94,10.61,71.29,0
68.95,61.05,2.18,49.28,68.06,0
80.06,97.29,77.45,16.07,70.17,1
20.02,20.66,13.44,97.83,36.75,0
16.75,70.11,46.77,15.85,45.02,0
10.46,21.3,60.59,48.75,37.55,0
63.64,46.91,42.84,36.41,67.54,1
70.65,83.32,2.71,63.94,69.84,1
3.16,51.85,78.35,12.9,34.32,0
93.62,99.76,1.05,43.03,81.93,1
5.2,62.52,76.19,27.47,34.65,0
54.13,42.3,89.33,88.78,58.82,0
70.91,33.71,43.28,4.06,68.06,0
87.1,44.79,53.55,91.37,79.07,1
71.41,46.67,47.7,83.3,70.97,1
80.17,20.84,38.92,29.76,77.86,1
33.95,46.41,88.74,78.93,51.54,1
81.48,54.46,89.39,3.12,60.45,0
8.01,76.43,33.58,96.69,30.77,0
89.48,70.82,61.51,52.66,81.73,1
54.76,75.25,92.69,30.33,70.38,0
81.73,15.71,96.21,36.26,73.64,0
45.23,33.5,50.9,6.64,57.95,0
64.36,71.24,45.28,98.93,76.09,1
52.64,56.14,27.87,3.93,55.02,0
73.16,15.45,95.89,65.49,75.87,1
8.16,83.38,14.28,44.27,30.89,0
6.04,80.69,57.98,94.89,31.1,0
24.71,61.62,28.26,24.6,40.81,0
15.95,20.65,27.9,53.21,35.91,0
87.18,80.15,40.5,48.24,95.92,1
21.92,64.62,99.88,70.29,47.38,1
97.59,81.47,5.5,6.8,94.06,1
33.69,78.9,57.85,19.38,52.67,1
18.21,83.26,8.26,21.46,32.9,0
78.97,59.03,15.45,73.82,79.36,1
65.87,26.93,43.96,18.91,74.89,0
49.82,72.05,51.05,57.35,55.62,0
55.54,67.74,25.88,21.52,68.15,0
71.92,78.09,31.65,86.16,76.67,1
22.85,29.44,8.7,94.22,52.97,0
99.63,31.57,30.32,51.85,87.69,1
97.48,90.68,96.66,35.23,83.0,1
65.03,78.75,94.47,23.41,67.21,0
19.95,92.2,33.49,4.98,49.15,0
68.02,79.49,57.09,26.85,61.67,1
7.22,65.76,90.96,65.42,23.99,0
3.07,70.6,0.62,53.36,32.29,0
25.77,90.58,81.07,94.4,43.25,0
46.26,64.2,94.84,39.63,57.8,0
86.83,68.75,9.13,69.39,86.82,1
72.72,28.3,16.14,48.93,70.87,0
74.27,55.28,96.07,51.26,65.2,1
42.55,75.89,53.75,26.78,65.75,0
34.59,38.03,1.42,45.5,45.77,0
37.1,32.19,25.76,47.08,46.97,0
98.76,41.68,44.99,70.66,94.78,1
4.01,35.53,69.29,94.06,30.48,0
86.7,33.27,73.32,32.93,81.7,1
57.87,51.11,99.54,4.22,67.13,0
43.86,92.17,28.75,49.63,61.73,1
72.53,58.1,53.82,54.45,71.85,1
48.67,30.97,53.33,16.84,66.8,0
87.34,21.54,40.56,76.05,71.73,1
90.07,74.17,16.92,98.49,87.84,1
42.17,47.54,97.75,94.58,51.11,0
27.68,84.86,85.33,19.71,53.47,1
59.24,71.06,49.83,87.54,66.25,1
91.24,82.68,60.32,70.45,81.38,1
21.07,38.12,22.73,45.38,45.95,0
62.3,73.85,54.38,54.06,71.84,1
63.16,37.45,69.5,84.96,71.1,1
73.31,94.82,51.52,48.01,68.84,1
13.16,69.09,99.03,37.32,35.47,0
71.58,42.58,61.13,49.32,72.93,0
90.9,37.91,37.1,57.91,84.34,1
17.97,31.23,77.22,18.91,44.53,0
23.75,74.04,17.05,90.09,34.18,0
97.14,33.59,38.45,67.42,89.96,1
18.1,65.6,34.7,63.33,39.41,0
85.44,37.49,43.18,9.95,77.07,1
49.23,71.27,78.18,60.42,55.82,0
24.72,84.27,48.42,12.1,43.76,0
87.07,81.13,79.4,7.87,64.24,1
44.53,79.67,57.65,52.73,53.21,1
51.48,30.96,34.21,40.28,56.51,0
35.92,22.51,81.0,58.88,54.22,0
59.3,74.41,23.83,8.92,61.55,0
16.35,46.31,22.44,43.1,38.74,0
39.11,51.75,50.45,17.48,61.18,0
96.94,17.65,26.08,98.71,93.14,1
25.81,37.06,0.91,56.12,50.0,0
65.67,17.86,64.83,68.74,66.9,1
32.52,89.73,51.11,32.54,52.23,0
77.35,35.69,44.55,9.47,75.24,0
13.09,62.37,96.7,97.59,36.87,1
96.98,18.31,57.12,28.63,90.24,1
45.38,71.68,86.34,42.38,54.24,1
23.61,42.46,13.95,64.99,51.63,0
7.35,91.32,56.92,2.47,33.61,0
16.98,90.49,86.8,81.03,43.28,0
51.98,42.65,58.31,53.66,68.46,1
33.7,91.58,71.8,27.82,55.38,1
82.89,99.67,37.2,6.16,72.69,1
43.09,85.16,9.24,16.25,58.08,0
24.87,86.81,45.79,89.5,49.18,1
61.71,36.17,39.45,68.6,71.49,0
70.68,64.02,86.71,24.99,66.84,1
16.7,20.72,24.4,6.56,36.74,0
16.76,23.07,96.67,69.06,45.03,0
3.67,99.91,95.81,57.24,28.39,0
73.64,42.76,24.76,40.45,72.69,0
66.38,78.6,34.81,36.36,77.71,1
47.46,83.57,89.56,21.68,58.24,1
84.42,87.93,96.66,66.96,77.02,1
80.57,99.8,44.34,97.07,73.95,1
58.54,35.53,32.1,17.57,66.78,0
86.83,18.43,52.61,59.71,75.43,0
20.58,49.95,68.78,42.42,41.11,0
11.19,26.06,27.35,44.67,38.38,0
26.97,16.91,73.65,25.41,52.68,0
5.71,45.64,5.17,82.51,36.76,0
53.12,81.62,4.93,48.53,58.3,0
93.66,63.13,38.63,54.34,92.09,1
3.93,41.59,35.35,30.48,30.86,0
12.21,70.62,31.56,18.18,31.15,0
45.22,34.72,49.1,8.59,56.27,0
93.39,16.22,32.07,71.41,93.22,1
31.62,79.97,19.23,19.62,49.8,0
50.72,68.02,30.95,69.01,60.5,0
4.16,79.8,97.49,39.04,40.68,0
14.83,18.31,41.11,41.58,31.74,0
98.66,86.16,44.47,46.92,82.77,1
96.51,67.66,57.65,36.77,79.83,1
0.49,62.89,98.33,10.06,32.16,0
95.18,68.09,24.16,30.96,87.94,1
63.91,88.48,68.13,66.37,76.06,1
86.79,64.89,71.6,66.58,83.29,1
45.47,64.38,60.73,28.62,55.26,0
51.56,99.21,8.86,46.01,60.94,1
48.88,79.32,67.69,19.34,59.92,1
66.69,52.59,6.41,21.04,61.65,0
13.97,75.13,59.61,2.3,51.93,0
3.0,48.08,73.96,89.67,34.4,0
30.79,34.45,21.1,21.07,49.53,0
70.47,65.73,84.16,22.75,75.36,1
20.19,93.9,3.04,27.96,45.66,0
67.34,93.98,84.38,12.74,69.7,1
96.99,44.06,46.03,63.93,85.04,1
9.39,59.85,21.76,7.51,38.63,0
67.26,32.99,13.38,13.42,72.28,0
44.38,99.63,95.33,64.48,52.58,1
86.81,98.4,7.27,33.97,89.18,1
17.71,70.21,19.91,70.79,42.1,0
69.26,83.38,34.78,55.74,75.21,1
83.81,75.78,62.02,25.6,87.25,1
94.46,65.42,54.48,65.08,86.79,1
68.32,19.53,12.56,11.63,72.58,0
49.72,53.65,28.97,53.64,63.88,0
61.78,72.36,23.88,43.71,63.45,1
86.89,72.59,21.35,26.79,82.4,1
57.06,46.72,41.11,60.4,64.86,0
3.04,95.04,70.4,87.13,27.04,0
93.09,29.23,21.75,99.89,97.45,1
68.95,57.53,36.67,60.78,64.34,1
67.65,73.73,39.09,40.47,64.1,0
21.57,74.26,97.65,22.52,49.51,0
65.89,70.13,95.47,25.71,73.1,1
39.39,38.4,80.01,47.95,48.5,0
65.12,28.28,24.17,36.73,72.11,0
10.66,69.05,6.8,91.38,43.73,0
65.78,65.94,31.69,36.83,69.32,1
99.94,30.25,26.68,37.34,102.96,1
4.82,74.94,50.59,38.35,24.27,0
97.72,53.69,77.77,83.66,92.1,1
40.69,71.76,85.83,65.08,60.25,0
87.08,86.18,84.49,61.42,86.7,1
78.24,29.43,35.97,33.41,75.92,0
56.7,16.63,68.72,81.79,62.57,1
73.84,81.22,31.28,3.84,76.53,0
87.85,66.82,6.09,87.08,86.79,1
40.41,74.47,70.16,51.27,57.26,0
32.7,86.24,0.98,39.83,54.82,0
66.76,83.24,40.92,49.72,64.96,0
80.78,96.68,32.94,66.74,77.33,1
76.23,60.55,69.34,1.28,71.04,1
79.78,56.52,76.62,87.16,75.94,1
43.56,49.16,30.41,44.67,61.21,1
81.78,28.06,81.16,34.3,79.61,1
12.02,63.67,29.39,13.82,50.25,0
54.45,38.55,44.63,43.95,63.64,0
0.58,93.31,72.7,49.63,30.64,0
32.46,64.57,69.29,40.36,50.01,1
36.65,65.39,98.74,67.87,48.8,1
39.62,45.17,22.52,42.09,53.48,0
69.55,19.42,66.23,96.14,77.37,1
38.86,17.7,60.97,59.93,53.88,0
44.87,50.98,91.51,80.75,52.95,1
23.75,22.19,15.64,10.94,39.63,0
37.33,66.58,75.18,39.73,50.14,1
22.73,89.88,56.83,33.68,44.01,0
7.32,90.05,27.47,56.95,40.36,0
60.34,71.02,47.44,86.11,59.5,1
66.82,32.95,33.38,7.83,68.49,0
61.95,88.35,57.93,7.26,67.89,1
46.35,90.32,88.9,85.03,48.64,1
37.98,31.72,56.93,21.29,48.62,0
86.33,77.68,63.17,66.88,78.4,1
51.91,39.35,51.87,54.29,57.17,1
47.92,83.22,5.12,83.29,59.71,1
2.56,99.77,23.29,12.51,30.74,0
34.12,17.55,49.2,12.98,47.7,0
38.02,91.28,31.02,55.68,54.95,0
39.88,67.92,18.18,94.64,62.54,0
58.02,97.74,50.41,41.5,73.01,1
53.36,54.53,32.28,32.69,52.4,0
60.79,87.03,25.81,60.67,69.36,1
76.49,20.3,46.4,93.04,75.0,1
81.3,43.5,13.33,83.69,79.55,1
71.81,20.7,92.77,99.55,71.1,1
95.55,97.9,86.77,2.26,87.92,1
1.82,84.44,70.76,11.29,31.85,0
19.58,87.47,10.62,60.95,38.85,0
0.76,94.73,77.59,82.06,25.97,0
64.75,22.23,80.8,28.52,66.61,1
89.8,47.78,76.78,23.92,85.05,1
24.35,21.04,11.4,78.7,47.6,0
92.7,32.92,64.39,5.64,89.89,0
6.03,34.5,83.43,36.94,31.15,0
93.44,54.87,57.74,50.58,87.49,1
35.16,37.83,64.64,56.03,55.91,0
10.14,23.58,45.84,72.86,41.91,0
48.59,29.24,52.87,35.48,58.86,0
25.68,27.52,3.44,61.27,44.3,0
28.49,97.71,63.9,58.54,48.05,1
30.73,79.54,8.14,54.76,42.69,0
80.3,97.26,43.5,64.05,77.21,1
53.92,52.38,29.27,25.94,66.07,0
31.13,38.66,54.54,8.46,51.89,0
61.03,82.85,13.34,11.93,65.27,0
71.62,42.73,69.16,22.46,74.06,0
27.26,40.45,79.5,50.02,42.23,0
41.35,34.76,16.34,84.04,58.33,1
12.19,26.02,10.43,70.13,36.92,0
18.11,36.8,14.55,78.9,39.49,0
68.11,45.2,87.71,35.1,69.06,1
18.14,72.29,52.82,40.47,40.57,0
52.52,20.32,46.73,39.37,59.27,0
70.9,32.89,10.67,19.19,75.83,0
10.69,83.77,64.96,6.12,34.44,0
56.73,27.49,86.8,59.09,72.0,1
25.66,44.12,82.82,98.92,52.72,0
96.29,88.5,62.61,16.68,83.32,1
48.35,28.17,7.53,4.67,59.36,0
80.6,22.03,11.24,77.95,75.11,0
55.02,56.19,4.93,25.26,61.38,0
4.34,40.71,25.75,82.96,42.62,0
63.32,62.89,13.57,70.39,66.45,1
95.14,83.32,26.0,94.57,88.89,1
60.16,26.66,38.51,40.89,68.8,0
81.92,64.36,94.3,66.2,74.15,1
88.42,57.97,61.04,46.49,78.78,1
22.81,27.25,83.5,63.06,37.65,0
21.2,68.04,71.04,44.96,38.29,0
61.1,38.26,11.25,18.86,52.41,0
41.1,56.47,73.59,50.79,57.38,0
83.99,21.99,27.51,52.86,90.66,0
90.0,54.06,63.91,81.06,84.74,1
35.34,41.05,34.1,73.55,44.12,0
23.69,84.9,99.77,66.38,41.0,1
78.05,19.84,26.36,11.34,74.54,0
27.48,50.58,27.91,72.06,41.4,0
82.26,53.97,93.07,50.03,83.66,1
42.37,76.63,2.46,89.41,59.48,0
66.75,63.81,69.67,91.99,64.28,1
9.55,71.71,72.53,5.52,39.36,0
62.39,81.05,83.64,82.06,75.07,1
45.18,88.29,97.44,3.77,66.62,0
58.66,41.68,97.56,36.72,79.52,0
16.8,60.73,6.53,54.23,35.57,0
73.69,86.41,82.18,14.81,88.33,1
86.28,99.1,64.63,74.63,80.0,1
21.67,90.61,64.73,0.84,40.04,0
9.57,46.57,12.83,16.86,37.38,0
2.36,31.59,65.02,58.08,28.51,0
64.2,56.6,98.25,71.44,70.51,1
60.71,78.04,91.18,91.66,59.83,1
54.67,56.87,43.91,70.55,61.61,1
23.19,56.07,3.99,67.18,50.34,0
39.09,86.25,36.23,39.43,53.17,0
59.45,45.72,82.64,0.13,66.38,0
49.68,88.08,70.15,12.02,62.18,0
98.78,49.58,45.93,53.46,95.12,1
13.64,42.9,5.51,67.51,29.91,0
69.51,53.59,42.69,41.74,74.63,0
40.43,79.81,46.9,73.07,52.92,1
42.82,25.71,92.86,52.19,56.53,1
71.76,31.7,64.11,7.42,78.36,0
69.24,95.87,31.17,19.2,65.58,1
99.13,29.92,52.53,84.0,84.41,1
12.84,63.26,6.61,72.49,28.03,0
10.41,64.24,97.26,89.48,33.5,1
72.43,56.62,36.01,11.76,80.11,0
57.84,69.8,47.79,99.02,64.1,1
27.42,34.54,35.53,20.94,39.75,0
7.94,61.98,68.25,1.18,32.34,0
8.57,46.63,66.22,99.74,27.7,0
89.42,71.24,71.53,28.11,78.03,1
19.19,27.0,26.81,66.8,43.46,0
32.34,63.52,31.57,17.67,43.53,0
22.67,30.75,12.53,58.02,49.16,0
35.5,38.68,65.55,90.4,50.94,0
6.94,33.59,3.98,32.02,34.59,0
51.91,30.54,59.77,67.03,59.75,0
6.76,85.19,86.97,18.79,37.92,0
80.04,39.29,89.08,62.48,81.94,1
23.37,93.81,44.9,33.65,45.7,0
54.0,97.44,45.93,21.12,65.22,1
88.01,63.56,7.7,31.32,81.74,1
65.09,27.16,67.08,17.88,71.76,0
53.3,46.84,82.13,90.19,60.29,1
32.43,82.81,24.47,39.72,49.47,0
33.3,46.23,42.13,24.53,48.61,0
66.95,22.4,83.88,44.84,67.88,1
99.41,62.33,87.71,32.05,86.2,1
66.18,86.84,24.32,74.44,72.05,1
55.78,82.65,55.06,97.12,70.02,1
73.07,29.89,19.25,43.8,79.69,1
46.52,72.18,10.19,86.1,51.63,0
6.01,33.74,91.11,56.59,40.05,0
56.23,33.55,82.05,15.72,62.15,0
95.76,89.3,76.0,69.06,90.46,1
17.53,36.22,4.88,51.34,35.99,0
69.0,37.38,84.37,65.06,72.11,1
20.09,15.06,43.8,88.97,43.62,0
53.58,89.01,34.24,44.04,54.73,1
9.67,82.37,54.65,90.12,38.84,0
45.04,68.32,9.14,75.07,63.75,0
75.62,78.77,75.66,48.86,74.5,1
34.76,27.92,58.24,60.32,57.66,0
66.49,53.96,18.66,32.56,68.95,0
79.54,44.85,18.82,98.36,81.97,1
92.72,22.97,18.42,66.74,74.54,1
23.46,56.32,5.7,4.38,56.17,0
39.93,93.26,58.78,32.66,61.44,1
15.24,18.41,84.03,62.33,37.72,0
99.25,39.77,1.75,5.63,79.69,0
92.7,32.64,4.9,2.39,87.06,0
54.0,35.24,57.28,45.0,55.18,1
84.2,92.22,81.95,33.27,82.75,1
52.1,54.79,32.67,43.83,63.32,0
62.36,54.64,34.96,26.27,62.71,0
8.91,79.65,59.63,16.47,40.95,0
75.53,28.13,27.42,68.91,79.34,1
12.77,56.42,2.66,51.46,42.54,0
82.61,51.55,73.52,20.02,79.61,1
78.2,65.74,62.56,31.96,69.84,1
70.87,99.96,58.08,59.18,77.41,1
3.62,80.4,74.17,7.22,30.82,0
30.31,48.82,67.52,14.75,41.24,0
26.31,85.34,20.59,7.32,52.55,0
36.01,29.51,35.25,81.23,62.11,0
8.76,17.59,12.61,75.24,35.05,0
93.7,32.38,12.99,75.33,97.01,1
55.38,43.93,67.62,71.63,63.68,1
30.55,58.4,85.86,66.94,46.43,0
39.7,67.29,96.27,47.7,50.67,0
44.72,92.4,62.83,64.23,65.02,1
60.06,58.34,18.41,3.84,62.13,0
51.57,57.61,10.57,62.15,64.62,0
91.94,19.27,81.29,77.79,82.37,1
49.7,17.97,57.88,50.04,57.52,0
99.22,61.85,61.83,35.75,94.68,1
85.14,52.25,78.15,27.74,79.19,1
20.85,86.33,70.33,64.28,40.49,1
93.06,28.66,83.45,69.28,91.5,1
11.64,17.12,5.62,87.1,44.97,0
81.74,53.17,74.75,34.23,82.27,1
38.06,35.19,85.09,76.98,49.56,1
87.8,19.22,28.61,56.14,80.13,0
86.81,76.59,64.04,88.28,82.48,1
80.59,24.49,31.42,52.78,79.96,1
79.0,66.71,95.8,51.76,72.46,1
30.47,38.89,3.34,57.79,51.9,0
8.09,29.75,57.98,74.93,35.28,0
40.3,47.28,16.65,96.47,45.6,0
17.35,83.12,71.22,7.36,35.77,0
69.5,48.33,17.59,5.34,69.18,0
34.61,78.82,23.54,93.76,50.4,1
97.56,25.67,49.44,52.99,97.98,1
64.1,80.69,91.48,61.49,69.65,1
82.25,35.14,21.17,48.24,75.14,0
13.25,72.58,14.42,9.37,39.05,0
86.2,63.09,75.9,76.81,79.96,1
92.28,93.98,50.06,74.72,86.99,1
48.71,47.92,91.18,31.17,62.13,1
60.63,20.62,14.66,30.62,72.42,0
76.48,16.63,64.59,83.78,75.77,1
17.48,85.28,23.29,7.24,48.69,0
50.26,59.6,15.68,88.11,64.69,1
39.87,80.9,68.34,25.67,50.38,0
14.64,34.93,59.37,59.3,49.83,0
36.75,44.33,75.48,93.6,53.69,0
6.82,17.56,30.95,67.81,29.91,0
2.58,96.73,44.8,41.44,39.81,0
13.52,71.77,40.55,68.95,48.5,0
96.31,94.32,98.41,34.4,87.62,1
54.95,37.57,29.22,27.73,60.45,0
96.58,66.97,29.48,99.67,87.09,1
43.25,72.67,35.45,75.08,59.52,0
31.18,41.99,56.46,64.47,55.1,0
50.61,87.09,25.23,35.53,63.22,0
43.95,95.51,91.53,4.92,56.88,1
10.57,90.21,26.57,3.11,43.83,0
64.08,77.82,89.58,55.42,66.89,1
21.6,38.58,10.35,76.2,48.12,0
61.96,38.94,65.66,53.74,65.73,1
65.02,96.89,90.7,84.08,71.17,1
15.2,15.87,16.87,3.34,38.55,0
6.13,75.86,96.83,36.68,33.4,0
78.08,75.03,45.29,23.71,74.96,1
45.98,67.93,94.57,44.73,64.31,1
5.82,99.16,67.68,7.24,29.83,0
99.49,41.51,30.16,95.41,85.99,1
5.78,43.9,18.83,22.33,44.07,0
69.5,21.71,30.37,92.23,76.59,1
98.37,52.64,9.3,42.59,77.1,0
23.92,37.19,14.39,98.55,41.52,0
14.22,44.19,10.47,55.41,29.48,0
12.14,85.94,42.29,93.08,32.53,0
30.33,94.52,79.56,0.53,32.5,0
10.1,30.79,14.14,74.82,35.38,0
69.22,46.66,13.03,90.31,65.82,1
6.23,93.93,64.34,13.97,34.04,0
50.94,20.25,19.72,9.61,52.44,0
99.67,22.85,9.76,42.46,90.22,1
81.4,28.84,16.68,93.37,76.76,1
61.52,65.59,92.37,54.24,74.42,1
30.63,27.79,82.15,52.75,55.43,0
62.39,97.29,35.41,14.11,71.36,1
52.7,52.97,65.58,0.08,59.99,0
42.61,57.63,53.73,81.01,65.49,1
13.07,35.97,67.71,8.76,30.08,0
88.66,55.03,68.27,63.38,76.18,1
44.98,71.26,62.87,91.46,56.57,1
19.46,78.85,26.61,20.87,52.95,0
36.78,79.08,3.9,66.53,51.05,0
41.41,64.12,45.56,7.87,53.93,0
82.75,91.87,89.1,60.38,72.44,1
73.36,84.48,56.95,16.39,78.75,1
76.93,79.35,83.24,73.6,80.92,1
1.1,19.73,99.16,30.12,34.61,0
41.62,15.58,16.36,46.34,51.82,0
48.13,33.06,69.18,59.94,55.35,0
1.92,71.4,67.43,17.13,24.69,0
25.98,49.95,98.0,74.16,46.01,1
76.03,49.2,98.56,30.26,70.22,1
13.71,90.19,68.67,66.24,32.34,0
53.53,91.12,24.36,15.83,60.0,1
21.52,92.28,79.86,68.81,40.47,1
1.21,41.68,10.7,12.82,28.04,0
24.12,73.74,78.07,42.54,46.8,0
97.59,38.09,91.02,24.72,88.95,1
80.15,31.2,38.28,74.84,76.65,1
95.96,30.69,63.06,26.2,88.49,1
48.79,44.08,43.01,88.17,54.31,0
10.97,51.55,43.78,89.18,37.11,0
54.8,85.63,31.04,19.64,63.63,1
45.44,25.19,76.21,61.38,49.75,0
84.44,77.47,93.62,8.77,85.64,1
9.81,60.17,94.08,39.15,31.48,0
48.82,39.48,17.48,71.33,59.75,0
15.0,56.89,87.47,65.94,44.82,0
32.47,40.5,73.74,62.47,54.11,0
73.74,65.67,25.28,28.25,74.41,1
47.6,51.88,6.73,37.8,56.75,0
37.59,28.97,26.8,10.29,57.29,0
39.45,24.91,91.22,71.9,57.04,1
45.94,61.47,63.32,50.39,54.47,0
78.5,91.71,72.11,70.88,73.13,1
89.21,44.24,25.72,24.89,73.16,0
95.53,77.31,71.94,32.44,88.09,1
78.69,70.99,2.81,33.42,76.8,1
31.54,94.18,37.53,2.57,54.61,0
68.81,84.78,62.68,34.1,73.08,1
43.76,63.16,14.61,80.33,62.93,1
25.47,70.85,82.3,89.73,41.79,1
84.09,91.36,23.5,51.82,86.14,1
3.84,48.96,65.23,45.55,29.66,0
90.18,42.78,40.52,3.08,87.99,1
46.15,15.92,59.6,87.92,50.39,0
63.72,85.26,10.75,1.3,69.41,1
65.94,83.08,1.69,94.48,59.64,1
89.51,23.88,90.96,48.92,82.37,1
63.67,64.03,26.96,34.19,70.4,0
61.39,54.44,81.97,92.42,64.23,1
6.67,25.09,99.94,2.44,28.75,0
51.84,98.35,21.14,58.14,65.34,1
15.02,33.25,26.52,54.89,38.49,0
73.74,20.71,66.29,21.93,71.8,0
51.22,65.56,96.54,42.89,60.94,0
68.02,77.8,91.58,65.23,84.0,1
4.17,17.76,50.29,72.71,38.27,0
8.48,70.99,79.51,0.07,40.9,0
71.63,60.24,13.57,93.69,75.16,1
7.21,23.78,97.74,16.45,35.16,0
7.13,29.66,96.44,23.36,22.29,0
1.21,63.28,16.37,26.35,27.33,0
95.65,40.19,29.94,3.78,84.99,1
73.75,94.76,10.02,12.31,64.88,0
35.33,84.59,27.17,98.63,45.41,1
29.65,98.6,81.6,31.52,37.89,0
34.97,37.07,37.83,11.53,50.79,0
77.47,97.43,8.84,10.7,80.57,1
66.14,51.65,34.22,71.95,75.22,1
18.52,44.54,98.14,85.46,43.19,1
17.41,19.28,62.97,25.7,35.63,0
9.84,19.49,41.62,2.09,26.24,0
66.03,73.82,16.65,22.31,60.83,0
76.44,53.92,98.62,5.65,69.52,1
26.5,34.25,82.08,10.34,41.46,0
2.09,67.19,28.15,43.15,30.46,0
8.22,36.49,7.01,22.99,29.86,0
96.79,64.1,5.66,51.59,89.77,1
29.54,45.53,12.04,25.35,46.57,0
76.92,85.0,58.08,94.05,76.21,1
62.47,84.76,92.88,90.59,73.18,1
38.19,55.57,49.67,56.68,47.02,0
20.57,44.82,84.29,35.44,44.43,0
12.14,45.82,44.59,38.11,37.21,0
61.5,83.49,70.86,41.19,65.23,1
77.46,42.9,73.19,72.76,80.9,1
64.39,32.77,17.4,45.16,73.03,0
53.03,22.2,36.12,85.67,57.09,1
4.2,54.67,63.73,94.41,31.61,0
96.85,55.98,7.07,33.59,89.52,1
79.87,86.48,36.15,56.07,76.56,1
29.28,33.81,53.48,9.51,50.49,0
98.0,47.38,99.62,20.05,90.2,1
60.19,83.71,47.45,41.35,75.28,1
58.24,85.01,81.61,20.62,57.29,0
74.81,47.69,43.21,87.66,74.27,1
81.18,54.03,79.64,15.83,74.16,1
65.65,40.78,59.54,45.57,72.41,0
12.81,94.27,88.66,60.57,29.6,0
33.83,25.08,41.09,69.19,52.03,0
92.81,94.37,60.43,38.31,82.53,1
22.46,73.13,63.0,86.91,39.81,0
37.22,60.18,41.74,56.83,45.1,0
43.21,17.78,14.43,43.95,53.6,0
43.94,55.43,9.36,6.72,61.79,0
61.29,49.66,1.67,46.47,66.65,1
94.31,28.7,87.35,82.07,89.72,1
24.07,70.79,23.65,61.45,52.76,0
12.15,97.55,21.15,83.22,38.61,0
19.75,62.79,73.6,49.4,39.05,0
88.69,75.75,32.0,11.85,85.55,1
64.58,20.82,50.6,1.36,66.03,0
28.59,50.5,16.25,30.32,44.63,0
81.59,24.89,95.97,69.8,71.36,1
86.14,67.09,85.16,79.03,86.31,1
84.65,94.77,86.38,29.58,78.86,1
91.89,71.25,40.68,49.57,86.05,1
25.22,21.53,76.24,42.11,39.95,0
75.5,45.15,14.39,41.05,77.48,1
46.05,61.81,0.86,23.13,53.82,0
84.2,49.27,2.0,13.64,79.81,0
72.85,85.86,58.66,19.67,78.1,1
77.64,84.25,45.54,5.53,80.54,1
65.62,67.01,51.8,19.81,69.26,1
17.74,46.74,0.75,0.92,31.81,0
54.5,36.7,42.27,62.73,77.67,0
98.47,24.0,71.81,31.64,97.81,1
93.74,45.17,44.27,97.31,89.86,1
4.32,50.12,73.22,19.37,28.82,0
16.48,72.44,23.3,34.58,39.32,0
13.17,70.94,81.31,35.78,35.19,0
72.6,20.96,58.84,0.85,79.88,0
81.78,48.6,21.08,83.92,80.38,1
21.35,30.45,23.67,3.2,38.89,0
50.59,28.33,62.8,94.02,58.0,1
84.07,85.32,82.99,89.21,86.05,1
73.28,18.56,41.56,53.55,81.97,1
54.22,50.63,25.83,54.36,70.18,0
59.03,29.3,86.7,65.38,69.21,1
50.84,89.74,66.93,38.71,59.24,1
29.75,62.35,44.81,64.72,31.65,1
56.5,34.67,48.79,4.48,65.39,0
68.89,57.71,20.43,5.4,71.32,0
87.33,77.18,62.68,45.72,83.1,1
63.63,96.44,35.87,54.96,68.45,1
76.11,33.74,99.56,88.78,69.04,1
16.01,90.33,48.02,10.47,42.39,0
46.16,94.42,48.59,82.26,60.85,1
0.93,92.9,56.59,21.0,33.97,0
24.67,69.01,91.68,39.41,49.53,1
72.65,68.53,80.08,31.66,76.61,1
99.18,49.27,45.11,40.02,87.46,1
9.92,78.95,71.87,15.05,35.6,0
40.15,60.16,58.62,50.36,54.55,0
80.01,72.58,49.24,80.16,78.54,1
20.4,51.42,19.23,44.15,47.23,0
55.51,77.18,46.39,49.06,66.52,1
73.31,85.08,24.58,84.88,84.37,1
61.6,27.45,91.48,70.61,77.99,1
18.8,85.8,33.54,49.05,41.68,0
35.54,60.93,95.23,25.77,32.14,0
78.38,86.8,53.31,88.49,83.21,1
55.42,51.66,63.15,57.7,60.55,1
0.52,47.22,54.29,22.11,26.31,0
76.1,92.78,12.94,26.91,73.67,1
3.53,36.35,37.58,80.31,29.89,0
74.57,86.76,9.91,4.41,77.81,1
20.25,56.14,62.3,99.21,34.35,0
95.81,58.7,44.69,13.04,82.1,1
36.79,41.22,77.8,79.61,53.79,1
32.69,63.71,22.05,39.48,52.73,0
14.89,42.64,16.46,49.22,42.14,0
30.56,18.34,40.63,88.07,44.4,0
87.67,38.12,92.66,41.29,77.71,1
99.63,15.54,71.04,53.75,87.25,1
36.83,98.16,41.89,4.93,53.3,0
44.86,97.09,51.73,0.23,64.34,1
72.21,48.59,8.42,24.48,63.09,0
88.62,76.91,98.46,68.06,82.07,1
59.3,44.39,66.64,12.13,58.92,0
39.15,72.04,28.54,11.38,45.23,0
41.26,83.46,58.58,41.1,59.59,0
69.56,95.47,10.95,64.78,74.46,1
0.32,49.02,96.58,71.21,32.44,0
61.96,81.58,17.48,17.85,71.78,1
35.55,37.6,64.8,7.96,48.93,0
79.42,99.18,24.55,94.04,75.49,1
9.3,17.19,71.76,26.07,46.51,0
58.82,66.3,77.68,85.33,64.06,1
48.1,71.06,67.34,86.35,62.53,1
64.23,73.48,61.45,77.25,68.57,1
6.49,25.23,89.25,16.88,24.65,0
58.0,94.78,7.86,82.18,54.58,1
56.15,30.4,33.09,76.93,60.79,0
56.07,67.93,24.83,59.67,68.92,1
60.35,33.93,98.8,33.72,70.15,0
67.65,41.11,38.94,26.25,75.16,0
80.5,61.45,73.26,12.19,73.36,1
26.98,50.46,68.47,50.98,54.27,1
82.5,28.62,21.21,58.53,74.68,1
49.83,29.53,23.9,35.93,60.96,0
7.71,50.54,28.13,47.54,34.57,0
5.86,79.37,41.11,36.35,32.64,0
33.42,91.33,23.43,64.1,56.75,0
78.49,22.15,1.97,90.13,73.57,1
70.77,48.41,87.94,16.39,65.71,1
78.86,23.52,96.56,38.14,77.42,1
51.73,16.41,34.16,14.09,59.04,0
44.02,71.25,33.85,62.49,73.3,0
14.75,66.21,0.71,72.89,42.23,0
32.82,28.86,68.03,93.19,47.64,0
43.4,34.87,82.54,27.89,50.76,0
8.86,17.02,14.66,95.02,25.91,0
22.06,85.97,15.97,6.33,38.11,0
59.82,97.85,79.01,60.3,66.47,1
73.57,26.51,61.63,5.71,81.28,0
99.83,34.68,4.49,89.38,95.51,1
93.31,88.81,62.25,52.98,87.13,1
64.26,93.75,30.89,66.93,66.94,1
42.12,50.67,36.87,83.16,56.62,0
63.62,19.3,76.97,15.03,65.58,0
78.57,18.35,81.09,3.86,85.73,0
11.83,63.79,40.04,87.89,36.15,0
40.99,48.4,94.72,31.49,54.16,0
83.98,17.44,40.65,12.9,69.31,0
38.38,64.58,77.18,46.85,52.05,1
57.19,15.96,48.39,59.83,68.49,1
58.78,81.93,89.75,3.1,59.93,0
18.45,41.05,90.78,27.49,37.31,0
36.22,18.42,8.74,3.28,55.7,0
33.45,65.01,93.65,42.03,42.69,0
2.62,48.8,82.55,89.51,36.86,1
2.42,97.77,79.13,98.27,28.79,1
83.17,61.26,20.09,63.7,77.96,1
27.31,38.4,80.51,16.16,40.76,0
51.81,75.3,85.01,90.58,62.97,1
29.87,38.08,28.92,51.62,60.22,0
94.07,91.86,95.23,15.37,90.35,1
25.93,46.85,4.99,92.17,41.24,0
42.97,61.74,14.99,75.75,61.46,1
87.27,19.3,53.76,73.17,80.78,1
84.19,51.22,57.58,70.92,87.39,1
18.61,85.75,64.52,20.03,45.2,0
80.26,83.48,1.7,21.1,63.44,1
45.82,34.07,96.04,68.83,52.47,0
48.3,34.22,4.46,21.97,63.7,0
13.35,84.47,14.31,43.87,38.77,0
8.06,94.08,1.4,78.2,29.72,0
72.79,23.11,56.69,78.4,70.51,0
49.65,53.25,93.23,45.33,50.26,1
43.69,43.68,66.59,79.22,55.77,1
72.95,89.01,82.27,83.86,84.82,1
76.55,22.1,1.33,65.48,79.96,0
15.89,32.95,54.2,22.84,50.49,0
61.02,78.96,45.96,27.4,71.03,1
13.54,19.36,49.9,31.48,43.26,0
75.14,56.87,7.22,11.68,84.95,0
65.7,52.58,68.44,27.32,71.3,1
95.66,43.42,50.32,20.95,86.46,1
6.9,48.54,76.51,45.53,39.3,0
5.71,60.04,48.53,90.84,40.69,0
28.22,28.72,14.94,10.45,44.53,0
